timestamp_ms,gaze_x,gaze_y,smoothed_x,smoothed_y,gaze_pitch,gaze_yaw,confidence,is_fixation
71.80118560791016,834,408,834,408,-0.14796288948282502,-0.005815402939792193,0.9,True
189.03398513793945,824,409,824.4752349772943,408.95247650227054,-0.17312820336500162,0.007247619726018429,0.9,True
254.1661262512207,792,440,808.2566437592195,424.45352145782937,-0.1748924672906307,0.016921535942637782,0.9,True
287.7521514892578,793,437,802.497241928033,429.2176231212413,-0.18380813025213275,0.017588517003620706,0.9,True
320.9700584411621,799,443,800.9225002211394,433.9087160879903,-0.1510692783129565,0.008373733580419573,0.9,True
354.6121120452881,798,440,799.5053983375316,436.40877125994905,-0.1727642135514715,-0.00035440128897817175,0.9,True
388.70930671691895,790,441,796.1542174250496,438.589295573045,-0.18843802827423173,0.012327976186639496,0.9,True
421.59223556518555,764,454,786.054611915709,443.97247002790624,-0.22040023933531278,0.034900351270851095,0.9,True
454.34021949768066,757,442,775.9531031635255,444.76881203660895,-0.2645345650842852,0.048844105716531964,0.9,False
487.882137298584,770,432,771.7414748306776,442.38096182493797,-0.2648041995084164,0.0325290698827424,0.9,False
520.9732055664062,773,429,769.5042851662248,439.4824859143502,-0.26178551174008224,0.03738898095456327,0.9,False
555.612325668335,813,398,779.0398167411414,428.52159299653414,-0.22935358688157378,0.028564389440643583,0.9,True
585.996150970459,795,414,781.9627850847955,424.1018620497802,-0.24188673849759842,0.027489026725869347,0.9,True
620.1121807098389,794,406,784.1302161399375,418.52210206190006,-0.26138699980473123,0.034627248969199685,0.9,True
653.3520221710205,793,406,785.6715779428378,414.1379690638542,-0.262575806132834,0.03865273068417388,0.9,True
687.6542568206787,789,417,785.9506739501802,413.46948370322656,-0.2443730862711206,0.04298202698114425,0.9,True
723.2191562652588,776,428,783.0295655436105,415.71239344821197,-0.2487337038564615,0.04454943512319274,0.9,True
755.8021545410156,772,440,779.7448601140158,420.4729764014473,-0.23900447696826427,0.031191996006152845,0.9,True
789.3393039703369,751,464,772.2030251792771,430.0160318494317,-0.22871887550190903,0.033585334984041586,0.9,True
822.9131698608398,739,481,763.3456266228748,441.739131819912,-0.21397812253994067,0.03914259359489977,0.9,True
856.0619354248047,720,508,751.8751404578128,457.4328760661198,-0.191749940161574,0.0417431719125761,0.9,False
889.7233009338379,726,497,743.8600085438005,467.8716078899681,-0.20293624587252748,0.04308855031303458,0.9,False
922.9950904846191,719,499,735.8347827709676,476.8438767945195,-0.21795318055672713,0.05174011927060409,0.9,False
956.1431407928467,713,512,728.0298198489788,486.9708562172855,-0.2043457521790327,0.04345256675236239,0.9,False
989.4542694091797,726,497,724.472111541108,492.0564098238043,-0.1972205351301861,0.05862934415281493,0.9,False
1022.5040912628174,697,536,715.5578979782327,504.37144124754946,-0.19115740241477358,0.03167957132961633,0.9,False
1056.0073852539062,724,493,713.9300434628035,505.5029816441017,-0.21495871234752298,0.05977014881970698,0.9,False
1089.3182754516602,699,492,707.571242446754,506.0312013956271,-0.28155235714954524,0.08644610280810962,0.9,False
1122.9431629180908,677,527,697.8708682274528,513.5014628931549,-0.24757412245418278,0.09261905276305685,0.9,False
1156.6321849822998,652,551,684.7581740562102,524.5419308615077,-0.24901383445619785,0.09790673976224293,0.9,False
1189.359188079834,633,560,670.0185088257961,535.5066309374815,-0.2707531745046392,0.1097713830176375,0.9,False
1222.4371433258057,640,570,659.2281731423801,546.5920255380579,-0.23999815032715374,0.0807794656801792,0.9,False
1256.1123371124268,611,612,644.4906341593559,564.2585968080651,-0.21222030430332237,0.06800481124856463,0.9,False
1289.1511917114258,631,593,636.3502965255187,575.1231156759546,-0.20475291351794192,0.07360745757398357,0.9,False
1322.7882385253906,636,583,630.794557294945,582.0063886898967,-0.2133365246448729,0.07702782325019057,0.9,False
1355.851173400879,652,566,629.6532927361732,584.0871442624963,-0.21590362272179214,0.07434408051200042,0.9,False
1389.4171714782715,649,572,628.4314715060497,586.7192270104132,-0.20897232654999284,0.07171241345323875,0.9,False
1423.2652187347412,644,576,626.7209020003415,589.4325010170111,-0.21309213968614515,0.06946102395129498,0.9,False
1456.7291736602783,634,587,623.573482596428,593.6328334168946,-0.21514541932298226,0.06786641757206925,0.9,False
1489.7663593292236,633,588,620.9947752818175,597.1033092152921,-0.2169987569132226,0.06860704615570352,0.9,False
1523.0672359466553,631,585,618.6910114263694,599.1557986471148,-0.22666938960466762,0.07511565640111463,0.9,False
1556.1542510986328,615,604,613.8054567985452,604.4172043917499,-0.22327605762802563,0.07085170228347705,0.9,False
1589.6751880645752,619,598,610.7157404073442,607.4171443910978,-0.2267897955723191,0.07657687178356874,0.9,False
1624.7031688690186,612,608,606.9529840489287,611.6938168469685,-0.22143954243613634,0.07094949552073894,0.9,False
1657.898187637329,624,589,606.4129362461226,611.2615079621975,-0.23437634036033564,0.07820880443506328,0.9,False
1691.112995147705,606,608,602.6121198407811,614.422579492631,-0.23387442447664422,0.07830231384368781,0.9,False
1724.5731353759766,654,551,609.2225502991056,605.4590084404321,-0.24945303730477653,0.08234409403597119,0.9,False
1758.6092948913574,619,588,608.1032037207865,604.9673651749341,-0.2536842665348476,0.07690274175816726,0.9,False
1791.274070739746,618,585,607.1528238975897,603.74796373298,-0.2635739435528414,0.08098536911367342,0.9,False
1824.8052597045898,603,597,603.536278275055,604.9234138749621,-0.269967473537665,0.08372627715581239,0.9,False
1857.8503131866455,603,599,600.6360349927015,606.1582509079997,-0.26268609693233397,0.08512324861877121,0.9,False
1891.179084777832,595,607,596.7471943628773,608.6509329592737,-0.2668456329679885,0.08222258889847657,0.9,False
1924.955129623413,607,592,596.0131704266606,607.6227118839324,-0.27108805711833905,0.08425831090524892,0.9,False
1957.5440883636475,592,601,592.5721641640279,608.3920703952392,-0.29158027399214703,0.08093134878177163,0.9,False
1990.955114364624,601,590,591.6118715244946,606.70889552844,-0.2957259804705888,0.07904728455482918,0.9,False
2024.348258972168,600,594,590.7687825142101,605.9396688298623,-0.28958197522843093,0.07742161734139189,0.9,False
2057.3501586914062,595,600,589.217348287834,606.3651592827696,-0.28683339865126545,0.08102458989868462,0.9,False
2090.992212295532,589,604,586.8532745114325,607.4207087633598,-0.2915251139565859,0.0778946692211119,0.9,False
2124.083995819092,591,606,585.3906480342459,608.619546125734,-0.28223109876766056,0.07615809307780078,0.9,True
2156.5351486206055,593,610,584.6953395122094,610.3436967845471,-0.2677185597958549,0.07332493139890126,0.9,True
2191.3721561431885,595,609,584.6498191897389,611.518431297363,-0.2642676466147081,0.07587674872122144,0.9,True
2224.642038345337,601,593,585.9514054685691,609.2246257293808,-0.2926535381472578,0.07624338935451055,0.9,True
2257.6451301574707,628,577,592.5933321940552,603.9732506817418,-0.25384235972523006,0.07616798506732889,0.9,True
2290.6100749969482,667,617,606.1789660639806,607.4125315248909,-0.03185770797876808,0.03453760561409935,0.9,True
2324.414014816284,681,652,620.6584100041806,617.2917953016859,0.10814858844859976,-0.02110277567000622,0.9,True
2357.928991317749,656,622,628.0465066456165,619.6579721650371,-0.05849474174685483,0.025718068680254995,0.9,True
2391.043186187744,635,606,630.1296923228226,618.3821386604734,-0.16266831510818747,0.05225727968171292,0.9,True
2424.2429733276367,642,590,633.2611784217595,613.99637621676,-0.19428940270974274,0.046541244270262586,0.9,True
2457.900047302246,662,560,639.8828855122416,604.167813931296,-0.22228314650338743,0.04046187846303537,0.9,True
2491.4040565490723,639,582,640.8751447465829,600.1160615209336,-0.23667631428273697,0.021770257486929605,0.9,True
2524.6262550354004,632,594,640.2439499612042,599.0331126380224,-0.23148326288659704,0.005082699738923838,0.9,True
2557.6672554016113,651,580,643.4290753398935,595.2996449778251,-0.2150823884813437,0.0053545319414654725,0.9,True
2591.2063121795654,651,577,646.0781212573959,591.5088755190995,-0.22458030122360134,0.003837396026387715,0.9,True
2624.222993850708,648,584,647.6629829153993,589.6828084848116,-0.21319229074850055,0.0038555015654831784,0.9,True
2657.5491428375244,641,591,647.5353655634433,589.5461842870162,-0.21373826409100544,0.011403014290876626,0.9,True
2691.1182403564453,641,590,647.3461334354042,589.2562691236113,-0.21674037690105724,0.010089633880796357,0.9,True
2724.501132965088,652,583,649.3101328898891,587.6342532252459,-0.19866645326966667,0.02360688025750409,0.9,True
2757.9221725463867,670,563,654.5171977848664,582.2748499554992,-0.1951381833374865,0.02961482838102761,0.9,True
2791.161298751831,674,557,659.6892870968594,576.5303292452958,-0.2030317595186195,0.023178413786045394,0.9,True
2824.526071548462,683,545,665.8177681885176,569.2743080764316,-0.2066143328777561,0.02623496840872472,0.9,True
2858.208179473877,676,553,669.5496492444491,564.7458339701301,-0.20925770067662647,0.022698246293389984,0.9,True
2891.1712169647217,663,567,670.0211584464545,563.7664439106065,-0.2128048941683735,0.01924195839479698,0.9,True
2924.593925476074,670,563,671.704750469522,562.2260458944601,-0.19435623972624377,0.033200366024149795,0.9,True
2958.0953121185303,682,552,675.4288942452094,558.8040467189891,-0.1859380278507922,0.036322557269629095,0.9,True
2991.4441108703613,661,569,674.295823662593,559.3757270411894,-0.19961775326467315,0.04244424800422307,0.9,True
3024.484157562256,656,567,672.2120894957986,559.561394909169,-0.21906663106875504,0.0487719606523928,0.9,True
3091.7651653289795,649,577,668.9289409145085,561.8091107116314,-0.2144243250644091,0.04101648680439218,0.9,True
3124.575138092041,659,565,668.0367029627746,561.4098284098893,-0.22339318404429875,0.03620954610369404,0.9,True
3157.87410736084,650,579,665.4024231649241,563.9382716380412,-0.21086987894490714,0.032575975466901455,0.9,True
3190.0570392608643,654,578,663.8896337333148,565.9618492378479,-0.20373503130323026,0.031297151618133956,0.9,True
3224.461078643799,649,581,661.5475403872964,568.341219997026,-0.20767426211691412,0.031061054709147908,0.9,True
3258.028030395508,648,576,659.3065651820232,569.4135002982083,-0.22440262511401465,0.03715573691238896,0.9,True
3291.422128677368,644,578,656.5630308113455,570.7591445371306,-0.22859882182961774,0.03905949744476979,0.9,True
3322.83616065979,647,572,654.8006962602427,570.732204640834,-0.2301892221027579,0.05088762359991838,0.9,True
3357.6393127441406,658,562,655.4868193738203,568.7275566335012,-0.22511239771658306,0.04998702293648816,0.9,True
3391.653299331665,669,558,658.2692269630545,566.234137469455,-0.20669399806791838,0.04377325576742078,0.9,True
3424.8173236846924,704,621,667.638230067324,576.7296137649894,0.0949932338195799,0.004984586084098839,0.9,True
3458.3041667938232,627,582,660.2182560089592,577.916266532769,-0.27328805507122983,0.030781502905136364,0.9,True
3491.448163986206,642,615,656.8393667158609,585.5200385659847,-0.11367708382872599,0.049110578050129444,0.9,True
3524.844169616699,656,629,656.7383970783213,594.7961223473204,-0.06029529660389915,-0.016445987864855238,0.9,True
3558.2611560821533,633,603,652.0477760552453,597.4730410413316,-0.19064768247214078,0.028808580708651953,0.9,True
3591.5091037750244,647,604,650.8413089036301,599.8882687809781,-0.11295737690346248,0.08628519144525089,0.9,True
3624.8221397399902,636,586,647.6249177255129,598.2752740445861,-0.2095012497447367,0.07960420654029471,0.9,True
3657.956123352051,637,578,645.0968058826227,595.2212079331438,-0.23322321190572115,0.07425913021496988,0.9,True
3691.2431716918945,621,595,639.7663589926383,595.9483389458385,-0.23357656945822564,0.06571148556772292,0.9,True
3724.910259246826,611,603,633.2517833605117,598.1173992386331,-0.24469490398519173,0.05654614606245626,0.9,True
3758.044958114624,620,599,629.543432414057,599.1177488149092,-0.24105524198709716,0.04042306317006133,0.9,True
3791.1550998687744,632,586,628.8495058941544,597.3164584895491,-0.2395961908240703,0.042269332319139284,0.9,True
3824.892997741699,649,569,631.7363712683601,592.3245401145475,-0.23466975142290236,0.04810637790829615,0.9,True
3858.2160472869873,655,562,635.4760452840454,586.6200115466935,-0.2366748800604299,0.044294343262378744,0.9,True
3889.838218688965,661,572,639.9281038926123,583.7281218733536,-0.19328866951485504,0.036167017170586756,0.9,True
3922.6391315460205,671,579,645.7707093942257,582.658235177077,-0.14280412877496856,0.028893003782989427,0.9,True
3956.101179122925,671,595,650.7811843363962,584.9535493517706,-0.11261616054181808,-0.008313907754703056,0.9,True
3990.3831481933594,673,604,655.4591484987037,588.7237533669505,-0.07916631967621394,-0.00920856923273627,0.9,True
4024.698257446289,649,597,654.6353978477806,590.5435998671777,-0.16876408495571243,0.011905977292849788,0.9,True
4056.1580657958984,667,584,657.5012586894252,589.4855624021743,-0.14423464833460148,0.028687125630034817,0.9,True
4091.6192531585693,662,580,658.9205972467416,587.7659915981293,-0.17787505621261396,0.0214783674861636,0.9,True
4124.773263931274,671,565,661.8971267960311,583.286788400155,-0.1799838235664092,0.03970437928913073,0.9,True
4157.954216003418,701,527,670.3997220783394,571.8596019962631,-0.19967879588353687,0.036079970223528504,0.9,True
4190.782070159912,710,503,679.4098020097516,557.319724846559,-0.25903387156704505,0.0168926009626815,0.9,True
4224.5283126831055,755,445,696.025735261496,533.3635601287726,-0.27858773086441185,0.03669116000834516,0.9,False
4257.439136505127,740,474,707.1048053925987,518.8204475530491,-0.2627709875684482,0.010483074240943916,0.9,False
4291.451215744019,774,443,723.2066640922579,500.38835152510495,-0.23881325877084755,0.01844343791266023,0.9,False
4325.0062465667725,762,445,734.3653955306934,485.27749668247185,-0.2648121752342154,0.023901492728275273,0.9,False
4358.190059661865,767,441,744.6608420743493,471.85177951929137,-0.2620859687009104,0.025767050841686623,0.9,False
4391.383171081543,759,450,751.5950547482665,462.49984872851064,-0.25936596749793855,0.025929729927202782,0.9,False
4425.52924156189,769,441,759.2411574907562,453.05163944617533,-0.25020248854971366,0.031210092794726845,0.9,False
4458.389043807983,784,431,768.4881575848714,443.33238349435976,-0.24099927268173554,0.02024866116197557,0.9,False
4491.669178009033,771,443,773.492582225694,437.79254695298675,-0.2527503230761556,0.005600445852238104,0.9,False
4524.778127670288,772,441,777.662887508676,433.03011042718185,-0.2542570281390413,0.0051657225592850325,0.9,False
4558.367013931274,789,432,784.3236265682801,427.5264264008416,-0.2286897021387314,0.008687870992032592,0.9,False
4591.391086578369,782,438,788.3145694617191,424.38312682775853,-0.23326564014137127,0.0034171003366971742,0.9,False
4624.963283538818,780,439,791.0231295169806,422.25004547825523,-0.2335059547285798,0.006847039051969924,0.9,False
4658.276081085205,776,441,792.2430025009631,421.1669131256092,-0.2415379360511651,0.00995634493323643,0.9,False
4691.642284393311,781,437,794.0023275214699,419.7648484018176,-0.23424175886610513,0.011295771809283988,0.9,False
4725.03137588501,776,441,794.2364231709221,419.6729986440935,-0.23927641402218605,0.011553019641020602,0.9,False
4758.157253265381,779,439,794.7805473815382,419.4838788559931,-0.23028657809186967,0.02094779848689087,0.9,False
4791.779279708862,791,424,797.4054394516107,416.5927979740993,-0.2351547204249665,0.021543573673571893,0.9,False
4824.853181838989,786,435,798.4199472483139,416.5786959622633,-0.21862041373188051,0.0243894496853415,0.9,False
4858.664035797119,786,431,799.065954189032,416.0130317399643,-0.23213669894741384,0.021342652899401578,0.9,False
4891.679048538208,785,433,799.208547019086,416.1603266055923,-0.2263862657624086,0.0256869464137545,0.9,False
4925.009250640869,777,437,797.5331739895413,417.30269147668696,-0.24095225237703874,0.022813012832669784,0.9,False
4958.213329315186,775,439,795.5190999127116,418.8792141538736,-0.2391718860688244,0.03272256961889139,0.9,False
4991.276025772095,779,433,794.4342526524116,419.20870944023784,-0.24921548174489128,0.023034414648520615,0.9,False
5024.882078170776,713,519,780.1605848088052,436.8561895434607,-0.21122722772916294,0.004234353642110344,0.9,True
5058.48503112793,701,522,765.4461760698026,452.669424432126,-0.20711158159728849,0.05460158257334178,0.9,True
5091.673135757446,695,533,751.6153667310033,468.4444200172966,-0.19456734661712627,0.05110905554341543,0.9,True
5124.737024307251,699,496,740.5958477035506,474.52515755186863,-0.30287590286975596,0.03071110673485134,0.9,True
5158.274173736572,714,504,734.2256211788747,481.276078812168,-0.24476607079477297,0.016232455681962982,0.9,True
5191.017150878906,706,500,727.2597650100822,486.17980143624516,-0.2841907526812673,0.018231906885292474,0.9,True
5224.414110183716,732,495,726.6036165415808,489.2870488496902,-0.2063299099830747,0.0445654432349026,0.9,True
5258.536100387573,747,479,729.1506495462253,488.64901946245027,-0.20667436835523836,0.03416341464317789,0.9,True
5291.9371128082275,767,448,735.4262672893246,481.80994235982547,-0.22869065855143955,0.04274245356717838,0.9,True
5324.836254119873,783,423,744.0677445866131,470.88788144626125,-0.25595158730358575,0.03746726733793078,0.9,True
5358.243227005005,773,436,749.500023163289,464.11172762945984,-0.24631049147950915,0.04037907683948461,0.9,True
5391.698360443115,777,429,754.9591790491193,456.91598154095925,-0.25519902845154463,0.039716199100190364,0.9,True
5424.832105636597,781,430,760.4203813704618,450.987171582946,-0.24604167681177663,0.03225900793070839,0.9,True
5458.254098892212,780,435,764.8637381425963,446.96429466209617,-0.23345025648440834,0.03435003511613462,0.9,True
5491.538286209106,783,433,769.2202403850692,443.18646919658835,-0.2329710472512354,0.03208628854067752,0.9,True
5523.792266845703,780,436,772.2891723072468,440.62838923489426,-0.23263376494123136,0.03175356460000902,0.9,True
5558.344125747681,785,430,775.8471288808921,437.3202134090737,-0.23229595818401594,0.03356602641719173,0.9,True
5591.752052307129,788,429,779.4155324213965,434.3760699029629,-0.22624772339070995,0.03363465817151134,0.9,True
5624.680995941162,785,436,781.7847148215147,433.3490741660348,-0.21749557946974887,0.031143238126176098,0.9,True
5658.228158950806,763,456,779.3229312106557,436.56282325427856,-0.23598269747315154,0.01906760815266174,0.9,True
5691.697359085083,780,439,780.5358652391599,435.99298488148315,-0.22741450618434889,0.024538662884257524,0.9,True
5725.019216537476,756,459,776.6990675921077,439.5772077181604,-0.24797743899539335,0.018837639107243946,0.9,True
5758.620977401733,762,448,774.5536419065712,440.5035565512601,-0.25910740395509185,0.018702682374477506,0.9,True
5791.964292526245,766,442,773.4699194660544,440.14458819705635,-0.2629722780159412,0.018907652936369996,0.9,True
5825.173139572144,770,444,773.3033425874269,440.2821523377326,-0.24888793290212044,0.013476465849614845,0.9,True
5858.588933944702,776,438,774.3260365166925,439.24177495243714,-0.2494184563303066,0.012914603183744088,0.9,True
5925.231218338013,776,445,775.1665111732158,439.79291604483495,-0.22296732285669557,0.020164517098409294,0.9,True
5958.523273468018,779,439,776.4500040827915,439.10325670482206,-0.237801934632796,0.012265626287203337,0.9,True
5991.617202758789,792,431,780.1107983560148,436.95015247674746,-0.21098268373264253,0.025183284425301898,0.9,True
6024.6741771698,789,434,782.59795646318,435.7483337279312,-0.217347025796362,0.01865734991708251,0.9,True
6058.385133743286,781,437,783.0730435294031,435.36356761250573,-0.23797312885962982,0.012153990517438146,0.9,True
6091.912031173706,791,427,785.4254726019896,433.0775738186653,-0.2349283850370841,0.016313990359315973,0.9,True
6124.886035919189,780,438,785.1817428920322,433.3677444660108,-0.24275630545622262,0.005827693898007402,0.9,True
6158.495187759399,788,426,786.517669218839,431.261644391007,-0.24337757934705062,0.01499348198014963,0.9,True
6191.631317138672,788,427,787.6061746907001,429.7066090724572,-0.24375298648748364,0.013163519248692876,0.9,True
6224.165201187134,781,438,787.0822300723129,430.62649269665127,-0.23527020883201738,0.011091295948218324,0.9,True
6256.982088088989,781,438,786.581977976639,431.4607130267178,-0.23546012829995253,0.010952901763522033,0.9,True
6290.771961212158,775,446,784.907349927078,433.8152797837482,-0.22964828572853366,0.01194574873485617,0.9,True
6325.159311294556,776,445,783.6355494884016,435.6613961255892,-0.22907708227134183,0.01351904487340248,0.9,True
6358.266115188599,776,444,782.5163018109484,437.06280391738744,-0.22894390426336075,0.018118684876326455,0.9,True
6391.7882442474365,782,447,782.7340196448399,438.8764260985942,-0.19980435400001575,0.020620262310800434,0.9,True
6424.980163574219,780,445,782.4984069833552,440.03563816224505,-0.21403357016636956,0.02105860351847828,0.9,True
6458.755254745483,781,441,782.476604761056,440.2291993043358,-0.22110570521664444,0.023220289630776315,0.9,True
6491.554260253906,789,434,784.039474919736,438.99432556061726,-0.21238847296715194,0.024963830021282312,0.9,True
6525.040149688721,782,439,783.9559113810835,438.9398355581675,-0.2129477087711931,0.03226901044885997,0.9,True
6558.560132980347,773,445,782.062981731747,440.0970457487655,-0.23001762205957174,0.029589508278763107,0.9,True
6591.442346572876,775,442,780.8277982558545,440.4881866245936,-0.23176443813713746,0.027239780056764078,0.9,True
6624.756097793579,786,435,781.9619474983958,439.4212568369282,-0.21382872345363252,0.029542344976888263,0.9,True
6658.157110214233,775,447,780.7231075924502,440.9087629156369,-0.21686669644308426,0.024958885757862228,0.9,True
6691.947221755981,778,447,780.255727566461,442.17998427306196,-0.21014617059268606,0.02183437943362917,0.9,True
6725.145101547241,751,497,774.4517471781169,453.2612282353612,-0.1519606111139749,0.01687418498568633,0.9,True
6758.35919380188,743,525,767.8958729050667,468.30940702872914,-0.09985289441626052,-0.008001803606088976,0.9,True
6791.833162307739,751,525,763.9192285145589,481.10382463637376,-0.07674491813278266,-0.01741349443312403,0.9,True
6825.169324874878,748,530,759.9656566219586,492.92464106067115,-0.07624053348985547,-0.02906861762884341,0.9,False
6858.595132827759,752,541,757.4432570195856,505.0756323193001,-0.047816610267881296,-0.06344668222359974,0.9,False
6892.013072967529,773,502,759.5527605774262,507.47541689527924,-0.09742036270212488,-0.052977715186058406,0.9,False
6925.256967544556,772,499,761.2196599493329,508.7222389974589,-0.10612593561936687,-0.04375213526041856,0.9,False
6958.696126937866,776,488,763.4969173142006,507.3900668259031,-0.1294844220395781,-0.04211548357205534,0.9,True
6991.591215133667,808,478,771.8854309752386,504.0657948643131,-0.05749518705159471,-0.04497355028855609,0.9,True
7025.201320648193,805,470,778.4777694910658,499.45883336351693,-0.0872780908470457,-0.039944242897608735,0.9,True
7058.439254760742,817,456,786.5052700438467,492.58047971803313,-0.09485404652489583,-0.040476079394047924,0.9,True
7092.087030410767,822,460,794.3338668854868,487.3900570720723,-0.06507461822243522,-0.039157554982736084,0.9,True
7125.401258468628,818,465,800.1656261336591,483.87251819434266,-0.06428682621684426,-0.04498558523039098,0.9,True
7158.628225326538,826,465,806.6688251837481,480.80685351623436,-0.04490072413331121,-0.052534073754863214,0.9,True
7192.012071609497,843,448,815.5291334213694,474.74356372686464,-0.0366171203261756,-0.043385683736034776,0.9,True
7224.960088729858,847,440,823.7836582325148,467.93635104567727,-0.0494090476821131,-0.04426225566558776,0.9,True
7258.764028549194,850,436,831.2968293049976,461.3180962201184,-0.05150947234743293,-0.04291588343666532,0.9,True
7291.930198669434,847,434,836.9567417722504,455.28591774340305,-0.07437719961455072,-0.052093736354995694,0.9,False
7325.13427734375,852,430,842.6185818557561,449.37636272545205,-0.06686915256561887,-0.04671857762672038,0.9,False
7358.540058135986,853,432,847.4731394978173,444.79036720808523,-0.06210032139184688,-0.054376764881803256,0.9,False
7391.800165176392,850,436,850.8304770848287,441.75103256475063,-0.05867664706764009,-0.05089022164428116,0.9,False
7425.124168395996,845,433,852.50527412664,438.6428844158863,-0.08714286534433943,-0.054236116042848385,0.9,False
7458.326101303101,844,437,853.5450414384005,436.8811274379163,-0.0758435088625837,-0.053208466289190084,0.9,False
7491.745233535767,846,435,854.6495880686304,435.0733068230348,-0.08062733698444531,-0.060230751929537814,0.9,False
7525.4762172698975,842,439,854.6178975318991,434.42607290682247,-0.07911496431038889,-0.054305530897505255,0.9,False
7558.577299118042,843,441,854.6243064687553,434.3692714684283,-0.07210876584573728,-0.05654748080943012,0.9,True
7591.750144958496,841,440,854.0744428653236,434.2122400314672,-0.07796377081740871,-0.052871082140842865,0.9,True
7625.298976898193,846,443,854.4602260777073,434.76378501481213,-0.052751183314410977,-0.05286569440365674,0.9,True
7658.74719619751,839,439,853.2560496332447,434.51483720129056,-0.08225804939542654,-0.04560605082564178,0.9,True
7692.2430992126465,834,446,851.1026278158981,435.77548112112277,-0.07961097122005165,-0.04646310986573565,0.9,True
7725.161075592041,841,444,850.5518553244756,436.5203231753736,-0.06551635200703236,-0.045303808953151385,0.9,True
7758.831262588501,845,439,850.7838792603445,436.2159258431026,-0.06244869335559276,-0.03984939911226796,0.9,True
7791.319131851196,839,442,849.6923800189018,436.6095289660444,-0.0701016885510017,-0.03740435827861038,0.9,True
7825.309991836548,838,454,848.4766155588288,439.3962844115173,-0.04441992560131768,-0.046124614248258665,0.9,True
7858.306169509888,850,435,849.7643157833195,438.02040497574205,-0.060650471155616024,-0.04419363297863078,0.9,True
7891.782283782959,856,428,851.9976184191344,435.4794293607786,-0.0560306810320294,-0.04059504861682143,0.9,True
7925.429105758667,859,423,854.4376256155313,432.3469231439975,-0.06817847485152215,-0.051511748713917886,0.9,True
7958.67919921875,856,422,855.8504630311083,429.5162925286526,-0.07995296241644784,-0.04390710519667579,0.9,True
7991.610288619995,861,417,857.9827267898219,426.15157080266135,-0.07287406386438218,-0.03992893499816855,0.9,True
8024.918079376221,862,414,859.9287681062617,422.7377724778329,-0.0829311427615438,-0.045056184296539466,0.9,True
8058.425188064575,862,417,861.5132175846634,420.49023018493233,-0.07189641854005578,-0.04386410134399646,0.9,True
8090.942144393921,857,423,861.7872675995893,419.84565994814614,-0.0708151427352279,-0.04722864447532688,0.9,True
8125.078201293945,854,422,861.3426773768688,419.17206162607516,-0.08672405902798434,-0.050808793834213925,0.9,True
8158.3311557769775,852,424,860.4891028336675,419.07088881340405,-0.08743911427452829,-0.050274151077174346,0.9,True
8192.091226577759,850,428,859.2930551613242,419.8556720457551,-0.08380061123625239,-0.056513786364070284,0.9,True
8224.854230880737,856,425,859.4123096212986,419.9920896710259,-0.07613430261204635,-0.06036536154699981,0.9,True
8258.770942687988,849,431,858.0622157276608,421.3679959089622,-0.08060489194147008,-0.05980005138215102,0.9,True
8291.932344436646,850,431,857.0613110697151,422.5971476205251,-0.07936995751244691,-0.060327792428858405,0.9,True
8323.286056518555,850,434,856.1664365290956,424.29250702150176,-0.07217442529075097,-0.060689496497750205,0.9,True
8358.618259429932,851,430,855.5683177428788,424.9782277819964,-0.07493163089188137,-0.05388203460089349,0.9,True
8391.814231872559,845,433,853.8289118106669,426.1937613532988,-0.08995285354534613,-0.054737995992794816,0.9,True
8425.125122070312,846,431,852.5196682407552,426.8569380589634,-0.09013320876763725,-0.05384555174383416,0.9,True
8458.420991897583,848,432,851.7853444749492,427.6427202493756,-0.0847634030251836,-0.05983239141707359,0.9,True
8491.865158081055,847,432,850.9474142026382,428.329443065047,-0.08778795113246012,-0.05684096846616725,0.9,True
8525.408029556274,848,431,850.424437795421,428.7277620767168,-0.08855607953278295,-0.06037132854276982,0.9,True
8558.723211288452,850,421,850.373730832375,427.0767137916964,-0.11869654214213798,-0.06926675659045141,0.9,True
8592.089176177979,849,413,850.1281821841732,424.07485231312415,-0.14936082659184335,-0.07080469474429882,0.9,True
8625.240087509155,843,407,848.7167008364894,420.32569843275803,-0.18263928634213406,-0.06421992268779479,0.9,True
8658.42890739441,832,424,845.3112930805225,420.5486993493617,-0.17672485971794474,-0.08614507393761175,0.9,True
8691.718339920044,844,407,844.8094829680088,417.3731174246531,-0.18952339591797998,-0.08088376115691263,0.9,True
8725.55923461914,851,403,845.7972417717576,413.89434365255755,-0.18503418909496622,-0.09423988029104463,0.9,True
8792.940139770508,856,402,847.6568189244665,410.7660667195137,-0.15436833052442933,-0.07228564421970834,0.9,True
8825.57225227356,852,407,848.4557230609742,409.1465642834851,-0.14064415734108732,-0.05628746888649984,0.9,True
8858.50715637207,852,393,849.1421033960339,405.02234147754905,-0.18142960147610374,-0.056235499749751214,0.9,True
8891.947031021118,857,396,850.7293129521346,402.1626653464329,-0.14991797681157853,-0.04796220703951627,0.9,True
8925.470113754272,844,399,849.4826897576534,400.3927555702542,-0.1841157228709836,-0.05186628821426133,0.9,True
8958.499193191528,851,394,849.8122886719664,397.9582576750412,-0.1744116393478047,-0.04900842598162832,0.9,True
8991.981267929077,853,396,850.4918039544572,396.3578825898702,-0.1615702001895453,-0.045338336381376985,0.9,True
9025.429010391235,847,403,849.8688587943905,396.4728107538685,-0.15563499089870378,-0.04101577171111161,0.9,True
9057.394981384277,851,402,850.1322512157451,396.4517824750156,-0.14980752766449512,-0.04467399168935017,0.9,True
9092.067241668701,858,401,851.754535136619,396.3089360855997,-0.13003421341030016,-0.052646241317543044,0.9,True
9124.274015426636,855,406,852.5356351381631,397.25720649292566,-0.1283387485362696,-0.05294697966215027,0.9,True
9158.70213508606,857,405,853.5933733375562,397.9323933988808,-0.12883873095099085,-0.055864971947328236,0.9,True
9192.038297653198,858,406,854.6849855859033,398.76677767832643,-0.12263782925443131,-0.057368785735029036,0.9,True
9225.651025772095,853,408,854.6024755767689,399.9307280661719,-0.13020023830667393,-0.058789764494847824,0.9,True
9258.599281311035,849,414,853.7151012284378,402.1694786688994,-0.1324476344635463,-0.059663347485120796,0.9,True
9292.025089263916,816,516,846.3423337333937,424.518219435496,0.15290652983230357,0.017801841243110197,0.9,True
9324.942111968994,779,485,832.6395552875799,437.4169691229667,-0.07441709752851954,0.04088213094836402,0.9,True
9358.35313796997,798,500,824.7621384604279,451.37040928463705,0.03086599091538076,0.027965088233870814,0.9,True
9392.118215560913,799,512,818.3033764859005,465.58155595684485,0.07730326516501694,0.024715618872172614,0.9,False
9425.3089427948,835,524,820.0789885531333,479.9693858818531,0.24790857640624078,-0.014660909483190973,0.9,False
9458.445072174072,818,437,818.298425026211,474.66672467676835,-0.14256141088360982,-0.026885279091679332,0.9,False
9492.053031921387,847,392,822.6699952043238,460.9223727170103,-0.19566838857112104,-0.04157867799204744,0.9,True
9525.281190872192,848,400,826.6916514107563,450.60792617964375,-0.17256352871664885,-0.054892624608403856,0.9,True
9558.46095085144,853,393,831.1930876904255,440.2815966006886,-0.17972967950998214,-0.05854430780691966,0.9,True
9592.030048370361,852,391,834.8849955449552,430.99011164951526,-0.18442036058977468,-0.04990252436072174,0.9,True
9625.306129455566,860,383,839.6667218879796,421.42372219991637,-0.181350988075479,-0.04512726168040384,0.9,True
9658.407926559448,859,383,843.5632133372261,413.2582943442384,-0.19050553653065339,-0.05483663767589546,0.9,True
9691.944122314453,857,388,846.4862303187936,407.3225081351062,-0.17748325556713415,-0.049494832879448655,0.9,True
9725.250244140625,853,387,848.164827499797,402.11624572599897,-0.1958761169026093,-0.051932655246713144,0.9,True
9758.536100387573,858,389,850.572174211269,398.1496858556999,-0.17028882597556413,-0.05270844930121615,0.9,True
9791.755199432373,857,388,852.3970892576298,394.6544421480513,-0.1838822613185583,-0.06147807805113627,0.9,True
9824.824094772339,859,390,854.31839343795,392.1695212866251,-0.16541573519079147,-0.05319092674127027,0.9,True
9858.720064163208,865,378,857.1178582030335,387.7526576469958,-0.1814007083601985,-0.05225465674669449,0.9,True
9892.328977584839,859,391,858.2625252390599,386.6891312999991,-0.15497739340858058,-0.04224276207650726,0.9,True
9925.06718635559,858,390,858.9880918646935,385.695788471735,-0.15969598253106723,-0.045525952715451914,0.9,True
9958.631992340088,861,389,860.1553706070044,384.75850369616734,-0.15342951805358426,-0.04342734500812599,0.9,True
9992.069244384766,864,388,861.7004553260932,383.8652291597643,-0.14943909581507955,-0.048728080557086564,0.9,True
10025.050163269043,865,385,863.1671836970163,382.60573980851166,-0.15411012147689657,-0.04883430467526233,0.9,True
10059.231042861938,863,387,863.9650039444612,382.03007179672943,-0.15735155240914658,-0.05087330682178252,0.9,True
10092.162132263184,867,381,865.3903934231577,380.43580309668056,-0.16484968169118958,-0.051090566684823036,0.9,True
10125.82516670227,864,383,865.9521664271394,379.56791076201904,-0.16616296789278728,-0.05298223451131409,0.9,True
10158.745288848877,865,382,866.5755559446296,378.71935808412957,-0.1689356589632728,-0.053528378324364974,0.9,True
10191.745042800903,860,388,866.0532601460267,379.2842578340296,-0.16544133029053631,-0.05531977748737993,0.9,True
10225.305080413818,861,385,865.754713371864,379.2523875294959,-0.1666481993417243,-0.048444418547507494,0.9,True
10258.265256881714,862,386,865.6524797742424,379.50352611880896,-0.16458394544795696,-0.050215526563448735,0.9,True
10291.874170303345,860,388,865.1219931658218,380.1910566420087,-0.16419257195835643,-0.046628899756692176,0.9,True
10325.19507408142,863,384,865.2293106368744,380.0452003053416,-0.16469487221319798,-0.048742218416653216,0.9,True
10358.83903503418,861,385,864.8854404718915,380.18124589860344,-0.16997262776876146,-0.04776276566178546,0.9,True
10392.199993133545,860,386,864.3585384669466,380.5543324278982,-0.16930319010909484,-0.04898583391226998,0.9,True
10425.509214401245,859,389,863.6789030167647,381.52541055229534,-0.16364199686600278,-0.047125530340744556,0.9,True
10458.810091018677,863,385,863.8728092830623,381.6019342444491,-0.16524364587019508,-0.04879385735695542,0.9,True
10492.135286331177,859,387,863.2162968389929,382.1084607415795,-0.17330583967759802,-0.04930693854410597,0.9,True
10525.279998779297,858,383,862.4348695925507,381.77890246272943,-0.18310210872647364,-0.04176327490133958,0.9,True
10558.340311050415,855,390,861.1505962008298,382.9315371401463,-0.17265328149423415,-0.049278222403983454,0.9,True
10591.989040374756,867,381,862.4411695381086,382.1478910535445,-0.16511869059813947,-0.06429389451760553,0.9,True
10625.271081924438,882,368,866.5344126140902,378.9056689702158,-0.16093410808342984,-0.06730513444538137,0.9,True
10658.757209777832,882,374,870.0152149066877,377.36648238395,-0.14346361138937608,-0.06927566189409516,0.9,True
10692.137002944946,891,354,874.759653875343,372.09024668315135,-0.18077852112163004,-0.07140566865222714,0.9,True
10725.44527053833,895,350,879.571742998596,366.8280548334037,-0.1906647779588403,-0.08493498558464077,0.9,True
10758.864164352417,901,338,884.8271243905506,359.99392728916024,-0.2035805117033129,-0.08191928977828924,0.9,True
10792.204141616821,891,347,887.2470678455736,356.03337288990997,-0.20980002249165164,-0.08390931375177683,0.9,True
10825.581073760986,909,338,892.8330617049844,350.9444843986443,-0.18135198682729514,-0.08784068827406516,0.9,True
10858.719110488892,908,340,897.3174159697799,347.10078048031653,-0.17339674160575988,-0.08354967287777446,0.9,True
10891.987085342407,913,338,902.0473338353524,343.5311402725834,-0.16189333141740886,-0.08020524261392684,0.9,True
10925.479173660278,924,335,908.1773036766724,340.00167956942914,-0.1376566830825131,-0.08082774707553055,0.9,False
10958.460330963135,921,333,912.6922488340394,336.71142194598,-0.15364102538089924,-0.08225274769860462,0.9,False
10992.621183395386,914,333,915.0149749754793,334.0297302212743,-0.17364690523506457,-0.08011849523206822,0.9,False
11025.665044784546,917,337,917.459622888958,332.67064710522607,-0.15510652911438327,-0.08909830680984444,0.9,False
11058.743238449097,917,338,919.4092129145549,331.8411053176511,-0.1499305912573003,-0.07659182922874373,0.9,False
11092.106103897095,917,338,920.9367620961718,331.2595904833558,-0.1509956938301637,-0.08437724152846933,0.9,True
11125.276327133179,914,341,921.506311280183,331.4842507428082,-0.15271345506171613,-0.08946236549198174,0.9,True
11158.549070358276,916,345,922.2618664769896,332.5908556071326,-0.14071736098786475,-0.09207788329550304,0.9,True
11192.203044891357,924,327,924.3828190814081,330.04159475716375,-0.17376118609164798,-0.09493645374158612,0.9,True
11225.49033164978,917,334,924.6744769105243,329.36163148042647,-0.17190857928722458,-0.08535966919914985,0.9,True
11258.689165115356,920,336,925.4054768150102,329.27950577263096,-0.15822723126573543,-0.0941009026499054,0.9,True
11291.511058807373,903,339,922.5182037143989,329.9034117960928,-0.19277502132698976,-0.07656510027129461,0.9,True
11325.850248336792,880,367,915.3481425177177,336.123824457581,-0.16976779481593363,-0.0445478431147785,0.9,True
11358.992338180542,860,416,905.14078499347,351.31183692733714,-0.05181602375654103,-0.002525700158220781,0.9,True
11392.305135726929,862,411,896.7730218408254,363.3247557441109,-0.07182601309921642,-0.015126233574192655,0.9,True
11424.97205734253,872,375,891.6151710274988,366.3707607209418,-0.15957125458889473,-0.030421751847819336,0.9,True
11458.791971206665,898,329,892.4273547631376,359.7226212261273,-0.21967211598000014,-0.04434738865043221,0.9,True
11492.102146148682,892,334,891.9514036881401,354.99447468059395,-0.22006910686657996,-0.039637744175641275,0.9,True
11525.697231292725,897,332,892.5712907789668,350.53203111509276,-0.2069299794753467,-0.03904010319508632,0.9,True
11558.905124664307,896,334,892.9262499079088,347.1149825144905,-0.20878768728579647,-0.043025961584956085,0.9,True
11626.869201660156,900,333,894.0512005456235,344.0064772004822,-0.2031086617928519,-0.04847438978194245,0.9,True
11658.504009246826,895,341,894.0304783818535,342.9729199199358,-0.1952569194946581,-0.04638535214892257,0.9,True
11692.353010177612,900,378,895.0268276057462,349.5197684965662,-0.07043552938337568,-0.05699574962738875,0.9,True
11725.804090499878,860,418,887.8902159501172,363.13698377791627,-0.04623369651668245,-0.00825512426415793,0.9,True
11759.350061416626,849,406,879.6090570796124,372.3622628859574,-0.10973070385597986,0.012100432345230854,0.9,True
11792.075157165527,838,405,870.376009222147,379.990989333911,-0.143833870678176,0.02080977571961736,0.9,True
11825.749158859253,861,409,867.1578908132127,387.22742396782166,-0.06772205327338258,0.0022969936559415092,0.9,True
11859.074115753174,860,410,864.3012908752224,393.5068726887126,-0.07381041725136173,0.0022035696581522244,0.9,True
11892.049312591553,833,342,856.5586603798272,385.15034002957583,-0.3053926900837562,0.09436170789183565,0.9,True
11925.66728591919,836,330,850.6504405117801,375.4897760352054,-0.332367640982515,0.0939456949083498,0.9,True
11959.002256393433,857,338,849.9285254105187,368.754794492573,-0.2586539036317808,0.07640606071175267,0.9,True
11992.287158966064,844,343,846.8452796573692,363.95674533189947,-0.27580446060158664,0.08835958290262776,0.9,True
12025.63214302063,848,344,845.1407459927515,360.03888273226863,-0.2583602878439283,0.09368135981242025,0.9,True
12058.786153793335,835,357,841.2152424478206,359.2907408828004,-0.2603153991668809,0.09142824381782778,0.9,True
12091.942310333252,828,373,836.5919697125717,361.8616841914551,-0.251782951146596,0.06883671870183478,0.9,True
12125.64206123352,822,378,831.5787919282049,365.0669497158261,-0.2566890815580506,0.06598781969916627,0.9,True
12158.590078353882,805,394,824.040532475002,371.0036028057786,-0.2471967371412993,0.07878488487731428,0.9,True
12192.560195922852,793,395,815.3560511461063,376.25954390699684,-0.27401178262258774,0.0924942024333181,0.9,False
12225.682258605957,759,438,801.3103854010417,389.3141695358782,-0.24402505136913696,0.107463811299456,0.9,False
12259.235143661499,747,446,787.1097143329761,402.00701444517154,-0.2508081026449109,0.11756107144212315,0.9,False
12292.049169540405,740,453,773.8143812874173,414.14786351333726,-0.25664249167817027,0.11021873206590783,0.9,False
12325.538158416748,737,457,762.1272564338046,425.17857125435864,-0.26258878942891006,0.09520526948154691,0.9,False
12359.17592048645,731,458,751.2425264651305,434.62742316378433,-0.2799010541419133,0.09807103857845867,0.9,False
12391.787052154541,728,456,741.6648421373227,442.0981390491411,-0.2972496733759106,0.08989420418039039,0.9,False
12425.989151000977,715,561,731.2204967799122,469.26006990343797,-0.08766885005330316,-0.02403066745805731,0.9,False
12459.235191345215,723,588,724.248747203585,497.6128136548296,0.06953887458357938,0.03798133728792919,0.9,False
12492.513179779053,729,575,719.8546975798088,518.9001711405452,0.035538910182437704,0.01918851289553611,0.9,False
12525.756359100342,727,579,716.0613952463902,537.4780548472438,0.04774011180635147,0.026614421322429527,0.9,False
12559.086084365845,718,570,711.372601443037,551.0939877479727,-0.014452142476150634,0.025810395311803607,0.9,False
12592.706203460693,735,592,711.1099317144472,566.6388142319163,0.10310293184349272,-0.0009721622580321082,0.9,False
12625.1962184906,730,560,710.2183301753828,573.0128245626455,-0.007867495741756101,0.03281027842684919,0.9,False
12659.041166305542,673,558,698.3688045417928,577.5385284997269,-0.17327593742004258,0.07940506377574363,0.9,False
12692.352056503296,714,562,696.7509333076969,581.6985779360623,-0.01983581065021821,0.09184640887883,0.9,False
12725.83293914795,713,523,695.4866238763175,576.9639697793166,-0.14368651710135683,0.09745844937098401,0.9,False
12759.000062942505,723,506,696.7086880128631,569.0567636568624,-0.1791481143629793,0.0697897817491649,0.9,False
12791.863203048706,713,499,696.0368901485948,560.4902419101409,-0.23015303548344032,0.06984322423761101,0.9,False
12825.429201126099,726,494,698.3256266551989,551.8171546206285,-0.21166355117307478,0.06185128511314167,0.9,False
12859.121322631836,718,509,698.9256075050795,547.1077893940768,-0.19393483238856385,0.05357648408698461,0.9,False
12892.800092697144,714,511,698.8599174182496,543.2321933542478,-0.19600984557619516,0.056322376343624726,0.9,False
12925.915241241455,733,487,702.8092331165424,534.9019539443279,-0.2023585585076856,0.06457430358434336,0.9,False
12959.103107452393,741,473,707.9712292336227,524.7990696971344,-0.22739179641756072,0.05702653972626629,0.9,True
12992.287158966064,728,476,709.9412097375052,516.626108036751,-0.2542186566166458,0.0632954411433038,0.9,True
13026.118278503418,736,463,713.3579780107779,506.94605726795436,-0.2681926239372247,0.05837066687580143,0.9,True
13058.491230010986,732,470,715.593286255919,500.01606922267763,-0.25681247075115865,0.06333103132113273,0.9,True
13092.066049575806,715,485,714.2002890352862,497.0718645301539,-0.2644007462088771,0.06636506551671965,0.9,True
13125.766277313232,710,490,712.0965540716429,495.5555425823995,-0.2590730811664785,0.07105115449680659,0.9,True
13158.411026000977,711,488,710.5856120464397,493.8684111230973,-0.2617531225112279,0.07040107315213277,0.9,True
13192.342042922974,713,483,709.7823835989913,491.44046047401423,-0.27028129762707653,0.0709581276028945,0.9,True
13225.790023803711,717,480,709.9827023930459,488.78556048176097,-0.27072669813024497,0.06630129239517071,0.9,True
13258.991241455078,720,482,710.8365213963823,486.94449968153486,-0.25886259729560196,0.06411708403561904,0.9,True
13292.274951934814,711,486,709.8417563137664,486.2057243789335,-0.2684016799588819,0.07444186070445165,0.9,True
13323.339223861694,669,527,700.6613874968235,493.8119611451333,-0.3058745216080894,0.010014534723821477,0.9,True
13358.104228973389,691,561,697.2949406099782,507.1394577428247,-0.10768113633838804,0.051232771305381446,0.9,True
13392.483234405518,706,544,697.5178505590355,515.1195955844069,-0.1368284590603311,0.015545626693175376,0.9,True
13425.755262374878,695,537,695.609273844161,520.4887779165472,-0.19339983247969258,0.010961290756058915,0.9,True
13459.181070327759,682,533,691.4742888210059,524.2042734100388,-0.24935879128360447,0.007977445397686824,0.9,True
13492.54298210144,701,552,691.839976951535,531.0939461593649,-0.11041390273625468,0.03833741918532749,0.9,True
13526.414155960083,717,528,695.4546610966046,532.0844317433675,-0.13411117543251402,0.05242376843676502,0.9,True
13559.451341629028,711,528,697.4336795980388,532.8223611206581,-0.13790672730782483,0.08198332058119179,0.9,True
13592.548131942749,737,475,704.3977786712123,522.7484064742151,-0.22621423558612547,0.06687371832519019,0.9,True
13625.969171524048,739,488,710.8037542141349,516.6525973374045,-0.1966184449105586,0.04232201302230825,0.9,True
13659.181118011475,729,478,714.3044845922846,509.39391539679065,-0.2505210071376445,0.05082976864781248,0.9,True
13692.592144012451,736,477,718.7010091002405,502.96838430567567,-0.23357750609756858,0.049093117496193446,0.9,True
13726.01294517517,738,468,722.848881918602,495.681714308708,-0.24885292742374132,0.054133829798381536,0.9,True
13759.222030639648,732,478,725.1691950810432,491.4832887870178,-0.24118739934220262,0.04618344385335365,0.9,True
13792.864084243774,739,472,728.5165230099155,486.74477118583866,-0.23806045473293735,0.04883295084938399,0.9,True
13825.940132141113,741,467,731.7341650462146,481.7573601557509,-0.24635260966221822,0.049581877177683455,0.9,True
13859.01427268982,725,514,731.2318231413043,486.97066652960405,-0.1726587493225891,0.022474349062346504,0.9,True
13892.6682472229,729,536,731.5468586421587,495.9017027416251,-0.10490984008525349,-0.0002493267987759808,0.9,True
13925.814151763916,749,542,735.7649289276134,504.781175674687,-0.03653001306767166,-0.034119469815940016,0.9,True
13959.307193756104,767,516,742.9158527702756,507.18100501214064,-0.06944655709763717,-0.04562882050894836,0.9,True
13992.53511428833,824,436,760.3577138074684,493.21845508194167,-0.14423558498843855,-0.053359449933703465,0.9,True
14026.809215545654,845,427,779.359766453123,479.48550240335663,-0.10794511052426513,-0.05697096754747853,0.9,False
14059.672117233276,858,409,798.0366116836051,464.19933356177717,-0.12116750230387154,-0.05603003673113659,0.9,False
14092.849969863892,860,396,814.1775997122094,448.63440737435656,-0.1457986205508104,-0.04288475375262702,0.9,False
14126.391172409058,873,391,830.3013554722634,434.4806743260953,-0.1250566407592638,-0.04443173209245324,0.9,False
14159.024238586426,898,377,848.7696753406764,419.77794556313836,-0.08647288517043174,-0.05139422771234695,0.9,False
14192.496299743652,901,369,864.8007355641978,405.84538994526434,-0.10054280716800686,-0.04461960161295838,0.9,False
14226.001262664795,890,379,875.9082406021589,396.2080735850283,-0.09785478114626635,-0.036909646423860146,0.9,False
14259.090185165405,891,375,885.1821347578324,387.4687795157057,-0.10549223316316458,-0.03945625158546211,0.9,False
14292.19102859497,888,371,892.0788216189334,379.51109386670487,-0.12627960059703894,-0.041130355319270215,0.9,False
14326.066970825195,886,378,897.1417868195617,374.4314640959482,-0.11068949298205571,-0.04420129570921742,0.9,False
14359.145164489746,885,373,900.8436018224703,369.4153407580635,-0.12961612172281323,-0.036803749731146126,0.9,False
14392.33422279358,882,378,902.9938058004975,366.4502375443149,-0.11944450962513536,-0.03409213645441561,0.9,False
14425.596237182617,884,375,904.8340515722459,363.63215180605846,-0.1280952112065008,-0.04071153549079412,0.9,False
14493.950128555298,884,378,906.028460835348,362.1292545247059,-0.12172476565989929,-0.04028203627923227,0.9,False
14525.688171386719,886,377,907.0902754346919,360.9385466392945,-0.11949183392606157,-0.03954902373683994,0.9,False
14559.54909324646,885,378,907.4585234417043,360.4001330424414,-0.11803192370222375,-0.03661488031820402,0.9,False
14591.959238052368,840,425,898.4536748680915,369.60406705772635,-0.09224792519235725,0.00813304818110926,0.9,False
14625.599145889282,808,422,884.0704136776268,377.1058267091846,-0.18522289141854598,0.04095272701398983,0.9,False
14659.250974655151,814,426,872.7495325428865,384.5058234075621,-0.15578122683288112,0.03676050702619609,0.9,True
14692.906141281128,800,429,860.1095005345226,391.57907645416327,-0.19292853652140962,0.03332529308916551,0.9,True
14726.248979568481,805,424,850.1960149207044,396.736624538722,-0.1847891896809087,0.04325361163113557,0.9,True
14759.166955947876,776,432,835.8626128973739,402.82617467918607,-0.25318774285726475,0.04084899298096011,0.9,True
14792.639017105103,778,413,823.9977231067444,404.2867991291682,-0.2937557120541495,0.04698645092031762,0.9,True
14826.371192932129,823,431,822.8925082994842,409.1714747007649,-0.13385865028056113,0.0026498683138388257,0.9,True
14859.153270721436,825,455,822.4097696763497,418.17026216203215,-0.03355936095003829,0.03538885351716174,0.9,True
14892.69208908081,837,447,824.4581151821574,424.26035530221884,-0.03137511062971207,0.010807001722082004,0.9,True
14926.926136016846,847,406,828.264016717708,421.23562507700524,-0.1344524730161556,-0.0016406811893358581,0.9,True
14959.671020507812,869,381,835.9585510565792,413.61269922914096,-0.14659597639118552,-0.018202305950097107,0.9,True
14992.76328086853,875,371,843.754731180255,405.07952256112765,-0.1724557308589642,-0.03759703158813648,0.9,True
15025.771141052246,880,359,851.4082788634589,395.3985875925687,-0.18674030804237343,-0.02810662426732135,0.9,True
15059.102058410645,879,362,857.7123399585093,387.76852511648724,-0.18740519833815716,-0.03289079827364559,0.9,True
15092.628002166748,879,361,863.0394243017696,381.1208948007356,-0.1882653635376327,-0.029186890491090117,0.9,True
15125.754117965698,876,359,866.9138994523541,375.1345119507911,-0.20055674079214153,-0.028385808888309026,0.9,True
15159.409284591675,872,366,869.3346275801238,371.5302788448249,-0.19324849075107722,-0.027246600197097088,0.9,True
15192.6851272583,880,369,872.9067483812712,369.17315530878767,-0.16523932304002004,-0.03638155048664718,0.9,True
15225.82197189331,889,369,877.6590217104388,367.2851477425074,-0.14046650903107427,-0.04647992128615425,0.9,True
15259.213209152222,894,367,882.6120534176337,365.3976063862498,-0.12231075685465868,-0.04523328411449986,0.9,True
15292.931079864502,896,368,887.1263180711544,364.108938549427,-0.11850788626707315,-0.04986701347382701,0.9,True
15324.701070785522,896,366,890.8560455530223,362.72988509930974,-0.12350287186494685,-0.04469187128003459,0.9,True
15359.193086624146,890,366,892.7084135978097,361.6702438712251,-0.14172346154758947,-0.0438837571164886,0.9,True
15392.956256866455,890,370,894.1541958523355,361.6802609704745,-0.13285339192588597,-0.04690611864010823,0.9,True
15425.692319869995,880,388,893.255432377925,365.3992045036009,-0.10813802683757022,-0.04774512009211395,0.9,True
15459.163188934326,867,390,889.7596825000243,369.0757032700541,-0.13689285167688,-0.040025043163373096,0.9,True
15492.727041244507,866,389,886.45962016437,372.09589290628253,-0.14479540240955885,-0.04421016877349527,0.9,True
15525.698184967041,865,384,883.3467753603215,373.7374327098482,-0.15825865586537285,-0.0371196345875725,0.9,True
15558.934211730957,868,383,881.211875845612,374.9874987832361,-0.15772650217503423,-0.0427155495967625,0.9,True
15592.955350875854,861,391,877.9277978892361,377.6943849915033,-0.1554342751993305,-0.042221296809213216,0.9,True
15626.19924545288,861,388,875.074831552279,379.4373021582303,-0.16200093751173833,-0.04019749422581137,0.9,True
15659.747123718262,864,388,873.2047940620162,380.94580519616886,-0.1547271441246324,-0.042222526405074824,0.9,True
15692.423343658447,868,383,872.3860334823123,381.2466635572374,-0.1582435061959725,-0.04331797019867046,0.9,True
15726.431131362915,876,377,873.2725445721185,380.3107280653291,-0.15601895048315678,-0.042608484408109513,0.9,True
15759.442329406738,875,371,873.8181195163352,378.3178366309314,-0.17517122386529735,-0.040478050876030056,0.9,True
15792.721271514893,873,379,873.8703378781573,378.2259523283342,-0.1584738070375397,-0.04263611553191469,0.9,True
15825.799942016602,872,378,873.7005080625729,377.9627655218786,-0.16489892613601367,-0.04325752512764468,0.9,True
15859.620094299316,874,375,873.9419707692712,377.1527125364224,-0.16722891191244388,-0.041048282329684466,0.9,True
15892.600059509277,879,374,875.1359146577062,376.2759673142385,-0.15232118054711316,-0.04347570194940424,0.9,True
15926.27215385437,882,378,876.7425909063514,376.34422490563486,-0.13277244317777795,-0.04342762315551817,0.9,True
15958.927154541016,886,374,878.8980306931829,375.6209079800102,-0.1343436197393855,-0.048648433996877946,0.9,True
15992.733001708984,878,381,879.117075446739,376.4206423331103,-0.13452508625284065,-0.042751807095604645,0.9,True
16026.196002960205,880,379,879.677416910294,376.7214879178156,-0.13569139576894104,-0.04126998418874399,0.9,True
16058.526039123535,872,388,878.5299911890008,378.7925445466756,-0.1329290675996561,-0.04516925455144874,0.9,True
16092.56911277771,875,386,878.1249840627795,380.1721559224746,-0.1296072979406371,-0.04280474995022606,0.9,True
16125.842332839966,873,386,877.3593119076321,381.3535496108141,-0.13314288114214876,-0.03851299799490033,0.9,True
16158.945083618164,876,381,877.2886500247457,381.36061723334154,-0.13243222289346726,-0.033831349255513385,0.9,True
16192.77310371399,877,380,877.4149385181067,381.1614631015856,-0.13766977136609057,-0.03605700928439674,0.9,True
16226.194381713867,876,378,877.3104367992207,380.58665362149304,-0.1444801629716838,-0.0330447845766564,0.9,True
16259.306192398071,871,379,876.2093629334556,380.29231732246575,-0.15793337329809234,-0.029712458252283854,0.9,True
16292.348146438599,852,402,871.4590456683975,384.6396173856111,-0.13502595864884284,-0.012375751805969974,0.9,True
16323.309183120728,851,408,867.1993379141056,389.54892920431917,-0.11877026943937478,-0.012469133070587382,0.9,True
16357.738018035889,854,408,864.1755805384842,393.7223929365614,-0.11848834037246873,-0.024018204295037242,0.9,True
16391.16597175598,860,403,862.8209002308072,396.2515320165343,-0.11517299127388585,-0.021215539970512065,0.9,True
16424.32999610901,857,403,861.0995439815881,398.3648228536256,-0.12664565522540275,-0.02376702891081182,0.9,True
16457.65519142151,853,405,858.8677983957917,400.5172578852502,-0.13284352155433085,-0.020259751011833253,0.9,True
16491.456031799316,861,395,858.6041646152107,400.2989758054133,-0.14292055328020964,-0.028764505835129472,0.9,True
16525.516033172607,863,399,858.8252020625431,400.8536971308049,-0.12130485207960842,-0.029844686447395713,0.9,True
16559.771299362183,869,384,860.2576959929085,398.2727582293741,-0.15373136725014702,-0.0359641909758695,0.9,True
16593.00208091736,878,376,863.3202551906286,394.4177036651712,-0.14811352489830398,-0.0357472795367755,0.9,True
16626.19423866272,870,389,864.3660324795964,393.68809063160654,-0.1285680974141074,-0.02982899692488907,0.9,True
16659.659147262573,876,383,866.4777738777093,391.84189232966673,-0.13877779535814144,-0.04084775460048674,0.9,True
16692.665100097656,875,383,868.0941300111634,390.247041790386,-0.14165508771175345,-0.04004485523655241,0.9,True
16725.6121635437,875,381,869.4792931844447,388.4745341350896,-0.14655118011088264,-0.03920694940765323,0.9,True
16759.0491771698,875,380,870.6610331472771,386.7568675557179,-0.1474748614771081,-0.03788860001600917,0.9,True
16792.63710975647,878,380,872.2642780089126,385.29264272481106,-0.14294742762914756,-0.04718823993912168,0.9,True
16825.669288635254,879,382,873.8233501914355,384.45069429042144,-0.13501568989263446,-0.046101992109115086,0.9,True
16859.26914215088,875,400,874.3396299349013,387.3444596190374,-0.07543508832912743,-0.02701363768157553,0.9,True
16892.122268676758,835,444,866.7614586638753,398.628212420343,-0.05059666403346115,0.009938803439099449,0.9,True
16926.361083984375,851,442,863.475435531536,407.86017182911627,-0.01013512893680451,0.0024898375837958263,0.9,True
16959.874153137207,853,440,861.0802778852443,415.30093706508,-0.02404000011389114,-0.013337900793141582,0.9,True
16993.061304092407,879,456,864.256414729741,424.7828700929832,0.13766234510247713,-0.005249872881426474,0.9,True
17023.240089416504,870,454,865.1939053422751,432.38464491406603,0.07334123659382497,-0.037869385930244796,0.9,True
17059.102058410645,865,436,865.0079790944054,435.15426950541143,-0.0029586366061359927,-0.039798647664036194,0.9,True
17092.891216278076,866,424,865.0591317081842,434.98124558508226,-0.04540968943241216,-0.04722410766586913,0.9,True
17126.19924545288,869,412,865.7125987097648,432.2964098410178,-0.07283700350397489,-0.04820700260134332,0.9,True
17159.372091293335,871,417,866.6792043282325,430.877922447886,-0.04715278094272816,-0.04715737342140315,0.9,True
17192.34609603882,870,411,867.3100994319634,428.3580935674088,-0.0710083332878395,-0.04483823956217157,0.9,True
17225.975036621094,880,396,869.8506808558553,423.1107892154615,-0.07812085647907793,-0.03492237165029701,0.9,True
17259.464979171753,848,367,865.6184702502242,412.75146854436423,-0.24519326196440566,0.0129156173582751,0.9,True
17326.295137405396,859,360,864.1977888290496,402.45399242689484,-0.23245302121892408,0.01368400452566228,0.9,True
17358.143091201782,864,358,863.9919398410559,393.24995830056076,-0.22785694998863157,0.005988931911391986,0.9,True
17392.9762840271,867,357,864.4273681194469,385.21673155548604,-0.22024441861192906,0.004705258690438719,0.9,True
17426.02014541626,869,356,865.210012500567,378.21392707201977,-0.22111171126504106,0.0037003947039277894,0.9,True
17459.147214889526,868,355,865.6866611721223,372.11549779095316,-0.22522219094681836,0.004593747467531368,0.9,True
17492.149114608765,872,356,866.8988246270716,367.20854772888714,-0.21190414755736314,0.0006462087337630419,0.9,True
17525.99024772644,869,355,867.33657106267,362.9335403761825,-0.2246180732049533,-0.0008084987885803141,0.9,True
17559.219121932983,866,357,867.1089472636465,359.8077539556697,-0.2260724147681105,0.002058327717737118,0.9,True
17592.860221862793,868,355,867.3120622609124,356.8696880998505,-0.22901653427042343,-0.0018034465086164083,0.9,True
17626.017093658447,866,357,867.0837267619129,354.8943062405305,-0.22864900781336056,-0.004314918822337323,0.9,True
17659.48224067688,876,361,868.8866086725545,354.14207666986744,-0.2005257585325907,-0.028488008407300897,0.9,True
17693.090200424194,877,365,870.6237594187671,354.43173199107207,-0.18902674858410198,-0.03263950050902173,0.9,True
17726.096153259277,884,366,873.4984965568203,355.0043664881548,-0.16194380249761592,-0.036124082304421296,0.9,True
17759.78112220764,887,366,876.5383063131719,355.60908253264563,-0.1545920624053814,-0.03708585974946455,0.9,True
17793.138027191162,888,367,879.3096433674109,356.43140093446965,-0.15416381225398085,-0.04662993103121122,0.9,True
17826.3680934906,885,373,881.0425844325698,358.43017031013596,-0.14301990778445503,-0.04068605735733901,0.9,True
17859.30323600769,887,372,882.8817028255961,360.0234502065338,-0.14283513449902796,-0.046324818360543245,0.9,True
17892.532110214233,881,373,883.2079081690092,361.6577614542317,-0.1527725165556574,-0.03721628752137927,0.9,True
17926.680088043213,882,371,883.639433668153,362.71644029966694,-0.15544812694168836,-0.035773278851701604,0.9,True
17959.431171417236,879,369,883.3627949518925,363.2738308386862,-0.16443882558577883,-0.030319707893339775,0.9,True
17992.54608154297,881,371,883.4833133795256,364.19609219205245,-0.15744682069254134,-0.03542224011616083,0.9,True
18026.342153549194,880,368,883.3466172765718,364.42462004551805,-0.17100071808469536,-0.03592401113211974,0.9,True
18058.577299118042,875,371,882.1926388305211,365.255114061017,-0.17162933385794718,-0.030578596771590878,0.9,True
18092.547178268433,881,371,882.3735542226069,365.9961077526026,-0.15580874804573863,-0.037027519875688523,0.9,True
18126.04808807373,880,372,882.299972479974,366.8556212691697,-0.1561807085709517,-0.032786238916494626,0.9,True
18159.622192382812,889,372,884.0104407861347,367.6118237988345,-0.13022487631564666,-0.03691594449187768,0.9,True
18193.130016326904,885,380,884.6453428872483,369.87529483858185,-0.12166654620726246,-0.04207205715803179,0.9,True
18226.415157318115,891,375,886.3579933296425,370.8210677391986,-0.11497358956346998,-0.037060828271566745,0.9,True
18259.385108947754,886,380,886.7900071058292,372.6334051565027,-0.1189595119941808,-0.04359762384750762,0.9,True
18292.562246322632,890,376,887.9250846987009,373.38149635492596,-0.11397140389107986,-0.04091817499081991,0.9,True
18324.138164520264,889,379,888.6608123103489,374.6148826955989,-0.11350076888720753,-0.04663090735255664,0.9,True
18358.551025390625,890,374,889.4539169021959,374.6600599988626,-0.12514175090951962,-0.046537179414830744,0.9,True
18392.8542137146,885,370,889.0956816836443,373.8874010414887,-0.1514654082003355,-0.045860792699448906,0.9,True
18426.039218902588,881,373,887.9544844196878,373.81744186170306,-0.1536474262074142,-0.03884601715133607,0.9,True
18459.176063537598,882,381,887.1488001495934,375.35057529305186,-0.12470922672146614,-0.03836871474042892,0.9,True
18492.88821220398,889,380,887.8356020648566,376.4524077008902,-0.10832892799409276,-0.040504474418871825,0.9,True
18525.739192962646,882,380,887.0005689028692,377.38117485781567,-0.12670149217391952,-0.04055412425345813,0.9,True
18559.393167495728,884,377,886.6658681212409,377.5591062519185,-0.13363684122563477,-0.04030047019305774,0.9,True
18592.880249023438,877,380,884.962562587655,378.29399661717514,-0.13998083692842528,-0.03615259475953726,0.9,True
18625.91314315796,878,387,883.6937506596176,380.3046556211515,-0.11767641953467872,-0.03991883871511324,0.9,True
18659.903049468994,875,388,882.0027844417261,382.2024540827172,-0.11948381886936493,-0.030774802489009014,0.9,True
18693.171977996826,850,440,875.5566410081899,394.1979934642003,-0.010269528442621478,0.010751671803172038,0.9,True
18726.22013092041,867,424,873.4589710479183,401.205118389864,-0.03591403326641892,-0.025948589150203684,0.9,True
18759.467124938965,867,400,871.6947154657289,402.3147500851968,-0.10473811215160043,-0.00786178068873913,0.9,True
18793.209075927734,900,421,876.8207147937676,407.3715921069938,0.05099120198555273,-0.04717904990727081,0.9,True
18826.99227333069,925,396,886.2305713922817,406.5987778296714,0.020207002410449027,-0.08854299703376274,0.9,True
18859.61127281189,940,360,897.2753823858626,398.6392093700846,-0.06692044128997854,-0.11030666751907704,0.9,True
18893.091201782227,961,377,910.8808927489158,395.15636514414734,0.04636859035105265,-0.12087254226423128,0.9,True
18926.52702331543,981,347,926.4335558027062,386.1280048948089,-0.005617732046906446,-0.15464851444528907,0.9,True
18959.739208221436,1001,327,943.6032388350357,374.38360996340737,-0.014516491418352892,-0.15909259266041698,0.9,False
18992.943286895752,1018,329,961.5042754097655,364.7563125521074,0.034253256611387305,-0.18101107375786035,0.9,False
19026.44109725952,1027,322,978.3783809974191,355.1777237890393,0.043592724738655,-0.1745192059802886,0.9,False
19058.608293533325,1038,311,994.7259537209097,344.87248312806435,0.05465750861193017,-0.17046261562432452,0.9,False
19093.077182769775,1037,303,1008.1809991834235,334.5766574909102,0.03377791135949876,-0.15360694466016311,0.9,False
19126.12009048462,1054,302,1022.7292888976556,325.718974881308,0.12008760807924296,-0.12731568726736253,0.9,False
19159.224271774292,1050,289,1033.9848634837392,315.71657579520877,0.09351466765260064,-0.0636694871161601,0.9,False
19192.573070526123,1027,232,1038.6028583061561,295.95843551572665,-0.2101793433740879,-0.07578562202584432,0.9,False
19226.845026016235,1013,226,1039.3425493866741,278.0991441519312,-0.22205855481261347,0.02615143905658237,0.9,False
19259.81116294861,1037,221,1044.3830682592663,262.11705580553587,-0.15195713479276945,0.031090323453331455,0.9,False
19292.97113418579,1045,235,1049.9170424472165,251.5831577176791,-0.07941123232109663,0.04023934419446401,0.9,False
19325.714349746704,1061,236,1057.4786612316138,243.1349304778246,-0.043119772055435324,-0.0056312387485583145,0.9,False
19357.986211776733,1053,215,1061.9749074427102,232.08121627957001,-0.11847542180375366,0.020341209658220633,0.9,False
19392.82512664795,1054,214,1065.6522389790177,222.81049537057208,-0.12050161901183677,0.02354204627832815,0.9,False
19426.34606361389,1054,191,1068.4387410216768,210.6764453717661,-0.17603182188832225,0.04106375774260321,0.9,False
19459.44118499756,1064,193,1072.4754261088485,201.10685276776445,-0.14961573026239758,0.02318175342604579,0.9,False
19492.788076400757,1073,193,1077.3917684971345,193.34308731432628,-0.11870111116147926,0.007857237087101746,0.9,False
19526.077032089233,1086,223,1083.8662854944682,193.12750045405136,-0.01896411339446258,-0.05064400649572745,0.9,False
19559.787034988403,1092,212,1090.2743486190755,191.1533309597774,-0.02394403939123542,-0.034598135539151115,0.9,False
19593.18709373474,1083,208,1093.6238078038402,189.05195095156122,-0.05276093039466487,-0.0013221978770030741,0.9,False
19626.847982406616,730,0,1025.5617243809343,146.02348759896745,-0.017034477689495356,-0.03329082038634305,0.9,False
19660.028219223022,764,0,973.9712346508637,109.65373708223956,0.05502911501941601,-0.1443325501947656,0.9,False
19693.129062652588,770,0,931.0992264047958,79.09588684109403,0.09352580727588251,-0.12604073641988628,0.9,False
19726.28402709961,754,0,891.4536301225442,53.59499482362969,0.017163261502232643,-0.12401847345942933,0.9,False
19760.006189346313,747,0,856.5044380284423,32.479681278676495,0.028391666935595455,-0.1074951537709252,0.9,False
19793.23697090149,754,0,828.4850251794483,15.154368025664915,0.040634277241468064,-0.11578574184759101,0.9,False
19826.893091201782,751,0,804.4763612311937,1.092059182913455,-0.015114525422930847,-0.12114698617690835,0.9,False
19859.65323448181,753,0,784.9564119228407,-10.172348680393224,-0.012206165286476224,-0.12368898663433772,0.9,False
19893.0561542511,747,0,767.7143669838539,-19.048243655299988,-0.016854524166954248,-0.10233156199959656,0.9,False
19926.660299301147,1087,213,821.6445394728796,16.70501694684527,-0.06736450576458408,-0.09347787709131941,0.9,False
19959.32912826538,1091,220,869.1267502711286,49.3248918692702,-0.03226365974658746,-0.09783032718219216,0.9,False
19993.101119995117,749,0,841.6708289061127,33.696459915619876,-0.007500800385630591,-0.09363955982627112,0.9,False
20026.520252227783,761,0,820.8704807620185,20.74442822049135,0.05104228453812473,-0.10462261978205337,0.9,False
20058.250188827515,761,0,803.4319291699161,10.106210488115313,-0.002367949208786382,-0.14132490286561167,0.9,False
20090.69538116455,1102,236,857.1153288406354,48.660886829039626,0.03933964695975992,-0.14791596244341343,0.9,False
20124.40514564514,1089,211,900.7271775260023,77.00248274405854,-0.09175970094269723,-0.14645825198847065,0.9,True
20190.612077713013,1074,185,935.1269607739491,96.26239303948623,-0.1962191672904031,-0.0965735774929884,0.9,True
20224.115133285522,1059,181,961.4984278953207,112.05348936863523,-0.2281349260311881,-0.06551890197744543,0.9,False
20260.12921333313,698,0,911.6956225538136,89.40565324037262,-0.22663388987611327,-0.06686362519953636,0.9,True
20292.529344558716,703,0,870.0041033132237,70.09530896122422,-0.21610272796890626,-0.08935855320408102,0.9,False
20326.170206069946,709,0,835.6241665432422,53.712429418422516,-0.20858546209819517,-0.09846350682031292,0.9,False
20359.352111816406,715,0,807.6318949066804,39.889960058602185,-0.18213316838994603,-0.06609376908221887,0.9,False
20392.181158065796,1079,175,856.8029856653419,63.30011843663124,-0.15459486038376308,-0.06515954552175476,0.9,False
20425.60625076294,1073,170,897.9024851300666,82.51757689323273,-0.17270556527301462,-0.050806675256578976,0.9,True
20460.23416519165,1060,180,930.5167182334454,101.05797596660415,-0.14147629453525312,-0.0014274562886485958,0.9,True
20493.255376815796,1064,190,959.1345484730359,118.94285554574657,-0.10483088087787644,-0.020656977547866186,0.9,False
20526.49712562561,1058,190,982.2270186850678,134.1981878017839,-0.10835017122942701,-0.005239454623233917,0.9,False
20559.76414680481,1421,452,1074.3113012722258,199.54647776925663,-0.08967456851274754,-0.004076337219408838,0.9,False
20593.13726425171,1055,196,1079.401243324989,203.9911567063114,-0.0973444243858496,-0.015553903455746036,0.9,False
20626.18112564087,1046,194,1081.3478470562,207.04035109987103,-0.10657465979996415,0.01756152632322814,0.9,False
20660.165309906006,1039,203,1081.0338254137528,211.10583526672048,-0.09908809326714986,0.01590767168270808,0.9,False
20693.019151687622,1036,199,1079.6221570942782,213.45014479664377,-0.1097120462409957,0.019920073937467593,0.9,False
20726.77707672119,1032,198,1077.1111936774414,214.93292382329383,-0.11813559120185159,0.02150316371441182,0.9,False
20759.67812538147,1029,200,1073.900940361606,216.29337472696994,-0.11935798264826138,0.027449193694184953,0.9,False
20793.017148971558,1038,196,1072.5340585041163,216.36449045355124,-0.10541076960097254,0.01041317001021528,0.9,False
20826.10011100769,1028,192,1068.9800989047365,215.3498564954356,-0.13581872919326568,0.03213921738341302,0.9,False
20860.037326812744,1030,187,1065.9905299065026,213.22681790900396,-0.1549377844655471,0.014658193298468965,0.9,False
20893.039226531982,1024,196,1061.919000975829,212.97869613440523,-0.1392138059630305,0.023993567447153332,0.9,False
20926.629304885864,1028,203,1058.9561911516125,213.95381609960083,-0.12434685237963454,-0.006752178099464687,0.9,False
20959.516286849976,1038,205,1058.1731940768843,214.98786119042933,-0.1024457213937114,-0.036471498323904526,0.9,False
20993.195056915283,1035,212,1056.6778204960767,217.08192578055304,-0.08047495155049804,-0.026388048547351637,0.9,False
21026.57413482666,1026,217,1053.3924840248162,219.68941844224463,-0.09091962046552743,-0.016590352539090743,0.9,False
21059.186935424805,1006,220,1046.398981727477,222.33955365903466,-0.14910633428667977,-0.010944745756134949,0.9,False
21092.794179916382,998,228,1038.6655267999058,226.02846778367956,-0.1480810220238563,-0.0015319446400327498,0.9,False
21126.97410583496,991,235,1030.5365558338501,230.4058861796131,-0.1542249846717173,-0.004225117553558486,0.9,False
21159.945964813232,973,234,1019.906224983221,233.76907574729842,-0.20397258025604417,0.004596635863412354,0.9,True
21193.00413131714,955,241,1007.176543969608,237.86270639148267,-0.23570314309792043,0.027176345727425024,0.9,False
21226.086139678955,944,246,994.0971119057896,242.17944148827698,-0.2371173966870555,0.053640195015238,0.9,False
21260.098218917847,927,232,979.5656047626576,242.88377034586875,-0.31446432937217267,0.06172200189515146,0.9,False
21292.821168899536,921,251,966.0395243179833,247.10211649399724,-0.2621991078329778,0.08632871138427485,0.9,False
21326.491117477417,893,271,949.0181329713373,254.52876519258007,-0.30679577745424463,0.07015348892328205,0.9,False
21359.61127281189,850,332,926.0541114544028,272.8897006155453,-0.25655009045693283,0.07315803804952828,0.9,False
21393.09310913086,780,412,892.6688394214631,304.3665862790435,-0.22375460275517844,0.0812475659120434,0.9,False
21426.55634880066,676,555,843.6583706028251,359.5832069927882,-0.15038772785787444,0.05543986688619397,0.9,False
21460.198163986206,530,692,773.0145506065438,433.7620608038801,-0.18603829930769522,0.0740757067655901,0.9,False
21492.916107177734,450,767,697.2593006014315,511.54831637536853,-0.21445851786024853,0.05400789054886562,0.9,False
21526.249170303345,413,804,625.9583099226559,584.5833432808877,-0.22184497475651155,0.03395786566549189,0.9,False
21559.818029403687,380,827,559.4780732473333,650.5369202282245,-0.22313474780151826,0.06945653739880354,0.9,False
21593.051195144653,366,820,501.1008429304441,704.2526228497177,-0.28922632593474257,0.039176965991477054,0.9,False
21626.988172531128,301,800,439.5977141045268,744.768483308916,-0.4250176349249942,0.23934676264464147,0.9,False
21659.626007080078,362,819,400.7472415223993,781.7175918988224,-0.25926714522616734,0.13759738064672908,0.9,False
21693.567037582397,380,818,372.75023356973196,811.5739775454299,-0.2521940675694473,0.06048355084615465,0.9,False
21726.57322883606,383,841,351.04929076000167,840.1447663621102,-0.18025842267105147,0.0481557792533662,0.9,False
21760.120153427124,374,840,332.31454596875074,862.8128005306263,-0.20419693619422147,0.05528646645007785,0.9,False
21793.29204559326,369,852,316.88255618949995,883.0430571916975,-0.18789877150731574,0.04755177986533696,0.9,False
21827.014207839966,374,843,306.231863616906,897.0133550913317,-0.1985991698860284,0.04964452513002981,0.9,False
21860.17417907715,374,834,298.61488471060545,905.6694153431547,-0.22678604955217507,0.05356698009763548,0.9,False
21893.54133605957,355,837,289.72643645609025,912.2386713400377,-0.26358608605702766,0.06997604500957273,0.9,False
21926.791191101074,376,838,287.6859920330636,916.6908938530103,-0.21116163424698184,0.046202779577233705,0.9,False
21959.872007369995,401,825,292.2311566008681,916.6034599453482,-0.1884578521462931,0.04666682176985396,0.9,False
21993.21222305298,444,843,305.9175395004334,918.9121333532805,0.013423108949419517,0.05846922424255285,0.9,False
22026.70121192932,469,858,323.70774529341327,922.7469103015827,0.19408501027165231,0.11329734746152402,0.9,False
22059.576272964478,461,839,338.27713999055163,921.15143972287,0.04488077121307735,0.04364945198696718,0.9,False
22093.197107315063,456,836,350.5689605483883,918.1797107302616,0.02962769178248094,0.06167945480848517,0.9,False
22126.60002708435,477,825,366.0081641873458,912.5065980597714,0.050428405045386586,0.027723995573663493,0.9,False
22160.17723083496,465,810,377.4394182426805,903.8013532825822,-0.0161333273424266,0.08978990282149592,0.9,False
22193.25017929077,439,805,382.5518959103792,894.5864727503965,-0.0888423650251355,0.12341640962984275,0.9,False
22226.829051971436,395,797,378.59451943239975,884.4200820213093,-0.23848167936769588,0.12344065518640839,0.9,False
22260.231256484985,405,801,377.64735799091756,875.921368344422,-0.19725679377086047,0.12690641075698217,0.9,False
22293.41697692871,394,796,375.0543307311862,867.1234458249867,-0.23618750907210515,0.1347669519692431,0.9,False
22326.799154281616,391,800,372.6325178469853,859.9367951984385,-0.22770527600238702,0.13967991228916798,0.9,False
22360.326290130615,397,806,372.1399673016648,854.5883174278874,-0.19296955434326168,0.13896006177129977,0.9,False
22392.805099487305,398,805,372.2773939680529,849.4616909790748,-0.19731383644060813,0.12903398130817703,0.9,False
22426.883220672607,401,805,373.33030338158926,844.767567273637,-0.1837352216376332,0.13155131697631572,0.9,False
22460.19721031189,397,819,373.7415602006639,843.2820340789716,-0.1646012016504519,0.10672074772715366,0.9,False
22492.94900894165,395,816,373.98067818658143,841.169847068853,-0.1801319623114125,0.12092513361945299,0.9,False
22525.95615386963,388,819,373.0522301994944,839.74449949984,-0.19695012350465502,0.11694437985767074,0.9,False
22559.924125671387,387,815,372.3087754071648,837.5276281179652,-0.2051191490848154,0.1228709262061093,0.9,False
22593.33825111389,392,822,372.9098945678722,836.853762637559,-0.1888935852757782,0.09054677148842386,0.9,False
22626.564264297485,396,826,374.4453246355332,836.9166200847334,-0.14091869537276122,0.1244381471308385,0.9,False
22659.754991531372,398,818,376.3610643611882,835.2213511080097,-0.16785867759617612,0.11677252755067094,0.9,False
22692.9452419281,405,824,379.58217528356306,834.8355179118573,-0.13649690029793177,0.11693386802486297,0.9,False
22726.356983184814,400,812,381.4979683510154,831.9823777827773,-0.18513979665308325,0.1106568351460377,0.9,True
22760.13422012329,398,803,382.8772965602971,827.633433975743,-0.21878483939502166,0.12169159659136841,0.9,True
22793.447256088257,396,793,383.78239517358514,821.8258331437722,-0.2525776649993536,0.11696135006381805,0.9,True
22826.08914375305,398,794,385.06937546190113,816.9954080362787,-0.2405664079939366,0.12309148388144951,0.9,True
22859.447240829468,395,795,385.67136801972856,813.0244625098002,-0.24388440900413244,0.122195002407246,0.9,True
22893.05305480957,390,800,385.2773438257275,810.60737992182,-0.23509684017006657,0.13471553049305413,0.9,True
22924.750089645386,399,791,386.8250932195169,806.7322821191449,-0.24634850498811547,0.1137909007211575,0.9,True
22957.423210144043,390,797,386.42562482495487,804.6224401154162,-0.2540110099743538,0.11708123889056006,0.9,True
23028.505086898804,399,789,387.9537084449725,801.2329339775611,-0.25453566629217494,0.10835040474328973,0.9,True
23058.752059936523,388,799,387.123459228387,800.3582232809094,-0.2544591781335747,0.10851596675879878,0.9,True
23092.892169952393,396,793,388.07094706540676,798.4403450798427,-0.24876186325374364,0.10538673292736142,0.9,True
23126.05595588684,388,805,387.33465804081715,799.2335045845914,-0.24268518584753915,0.09605389078800144,0.9,True
23159.568309783936,397,795,388.5544980472679,797.9449187939292,-0.24036373005592915,0.10604575310453879,0.9,True
23193.063259124756,389,805,388.04297674513157,798.8747845774803,-0.22875738457871983,0.11044906263255982,0.9,True
23226.397037506104,406,798,391.04652001348745,798.3003467432882,-0.19882507354028828,0.11580774390163566,0.9,True
23260.147094726562,484,824,409.24873436132566,803.0367918526906,0.1008017969536777,0.08747033969513288,0.9,True
23293.6053276062,471,821,422.2071893814452,806.5054573821767,0.0003627838668940435,-0.004479737496469315,0.9,True
23326.035976409912,474,829,433.8245242057882,811.0736503740033,0.05466305324320775,0.023912953397428112,0.9,True
23358.30521583557,498,824,448.4540650758521,813.9672227624777,0.12716996045715045,0.03139585316797451,0.9,True
23393.891096115112,507,820,462.61831023755855,815.6158510364243,0.11613834640203952,-0.01588150069967674,0.9,False
23426.16033554077,504,809,473.9414622304229,814.7932089750959,0.057562678824935334,-0.03519520299936524,0.9,False
23460.052013397217,483,808,479.20076432830876,813.8578525396986,0.040491598782258754,0.06055609893185894,0.9,False
23493.340969085693,410,815,468.85886248224,814.4314626908514,-0.13696369857363694,0.12530276832408196,0.9,False
23526.5531539917,379,807,453.60055617228846,813.2979313092289,-0.24683836703190618,0.13459671212700489,0.9,True
23560.18614768982,378,809,440.19923704203006,812.7071337864746,-0.25219031113462614,0.11165257725997982,0.9,True
23593.345165252686,386,807,430.2488585772629,811.7850673177848,-0.24013447663370055,0.1016807529926673,0.9,True
23626.61623954773,393,812,423.0985710244191,811.9836132452625,-0.21109568809084248,0.09061910452495642,0.9,True
23660.2201461792,391,812,416.5770267018184,812.1426684773079,-0.22063466384063324,0.08881891946064925,0.9,True
23693.55010986328,394,811,411.61876422104694,812.06801041658,-0.2139722455555379,0.08478648759383456,0.9,True
23726.900100708008,400,813,408.61723738014916,812.3940438291099,-0.18603305542459767,0.0901536585305476,0.9,True
23759.11021232605,502,820,426.50111940902895,814.0629499747458,0.10905794418317241,0.015198467557825151,0.9,True
23793.503046035767,488,832,439.0148767733457,817.8772355582579,0.11544983434035117,0.04326584679897417,0.9,True
23826.44009590149,515,844,455.0790176411545,823.5169675509575,0.2916444118552361,0.06548668388997092,0.9,True
23860.429048538208,504,853,466.52927676685283,830.1018602444376,0.2948727735978391,0.0870348688350701,0.9,True
23893.609046936035,530,841,481.3890937105201,833.275082929296,0.3288146639615277,0.05899830241822265,0.9,False
23926.8581867218,508,859,489.52509268264697,839.5166599714587,0.3408612725537342,0.09370396961726997,0.9,False
23960.11710166931,529,848,500.48022395791315,842.569699472236,0.35191277699899604,0.05779070384235439,0.9,False
23993.702173233032,498,856,503.4245926586873,846.6845350798948,0.27810803241114473,0.10146968585344822,0.9,False
24026.350259780884,494,832,504.90775971719074,845.3006097649566,0.11027432525254881,-0.01417717727423689,0.9,False
24058.72416496277,512,833,509.54885656776435,844.2161280494732,0.1935214541021861,-0.004830500879540208,0.9,False
24093.56117248535,463,826,503.494415960653,841.7989943030937,0.048315553251269475,0.09264453363815907,0.9,False
24126.609325408936,433,820,492.1109379288219,838.4546340486153,-0.04921644572710897,0.13027274929862326,0.9,True
24159.806966781616,389,828,473.41600966430605,837.1330840577177,-0.1566375656892336,0.14042822593417487,0.9,True
24193.040132522583,377,827,454.9345202571693,835.7540696108969,-0.18593731296976473,0.15308862194105355,0.9,True
24226.847171783447,381,825,439.9102017946976,834.1341371252948,-0.17994789115993703,0.15373245349039827,0.9,True
24260.658025741577,381,819,427.1052776674577,831.5164026418093,-0.20056219545731938,0.14632630276281416,0.9,True
24293.302059173584,385,811,417.04660133009963,827.6553296864635,-0.21247192367255527,0.1373306470156621,0.9,True
24326.81131362915,379,806,407.3723722424785,823.3444002597005,-0.2544801512434106,0.11268556831992113,0.9,True
24359.974145889282,385,814,400.4546906758152,821.2643980481608,-0.2217989868608407,0.09875834007024603,0.9,False
24393.352031707764,431,812,403.9144828801403,819.103537638287,-0.08457754384077844,0.12085630389061089,0.9,True
24426.62215232849,527,845,426.2434568718653,823.8801354752106,0.36167828070427216,0.10715835782914393,0.9,True
24460.41226387024,554,851,450.85005664028705,829.1830119384135,0.49982160560939154,0.07512443525234044,0.9,True
24493.11113357544,486,848,458.31066903315394,833.1162062831303,0.2013905981026624,0.10524072939201731,0.9,True
24526.53431892395,483,849,464.0483500270054,836.6612123417952,0.21047890784515272,0.11888347446728305,0.9,True
24559.924125671387,482,856,468.6911834883932,841.0617343575034,0.21394249299580995,0.08577771661790072,0.9,True
24593.29319000244,518,850,479.7829011443249,843.5813288453031,0.2904257407698013,0.02481212220261229,0.9,True
24627.00605392456,506,832,486.7658365871459,842.0825867176056,0.18176620235729357,0.024451842466503854,0.9,True
24660.973072052002,483,819,488.00864045357406,838.1491585258794,0.08168308716339899,0.07469542346910105,0.9,True
24693.68314743042,456,823,483.5361016740023,835.5470938588202,0.026959723161180758,0.11297516321491557,0.9,True
24726.563215255737,425,823,473.39092262802484,833.2981475403884,-0.06889945709287731,0.12185654008878635,0.9,True
24760.31517982483,409,822,461.4295670895359,831.1616818517712,-0.12257940759425381,0.13272142851989047,0.9,True
24793.790102005005,395,820,448.3614217642176,828.9303535428537,-0.1654389296673577,0.13090960903763685,0.9,True
24826.935052871704,392,821,436.59541988044003,827.2262195151485,-0.17354311846315096,0.13344616032920306,0.9,True
24860.54825782776,397,819,427.5880127750121,825.3798960327823,-0.15961279661718805,0.1387730620186772,0.9,True
24893.922090530396,397,826,419.9742469203362,825.2177719664522,-0.13589952655280524,0.13328959788392633,0.9,True
24926.668167114258,381,835,410.3769109443244,826.8985024205022,-0.14787780911034618,0.1356877248068586,0.9,True
24960.328102111816,334,826,392.9073500175906,826.5511067514688,-0.30302192921619436,0.15302354969901755,0.9,False
24993.091106414795,328,832,376.9462699426357,827.4658421262224,-0.2924958839835627,0.15989360606420006,0.9,False
25026.857137680054,319,824,361.7247889501033,826.6580858643423,-0.3475252086733715,0.13875392626570834,0.9,False
25060.12010574341,321,838,349.37794030340933,828.7764397099804,-0.3161060603039929,0.11983306403859342,0.9,False
25094.110012054443,306,839,336.1220888486754,830.7941035903578,-0.3482944973001138,0.12784993339138037,0.9,False
25127.100229263306,318,835,327.51577983357254,831.7176466467884,-0.324255168287388,0.1360690345807374,0.9,False
25160.34722328186,325,834,321.9038555570427,832.3002458033089,-0.32212459967284457,0.11641958343329521,0.9,False
25193.862199783325,312,857,314.8555980617249,837.3889885178146,-0.27826718814335455,0.1381537869899634,0.9,False
25227.17809677124,319,860,310.5789174246476,842.321462842515,-0.2533478337710707,0.13422618581398085,0.9,False
25260.60914993286,316,865,306.6698540159905,847.5031561310417,-0.25379484445787553,0.1329645117111288,0.9,False
25293.81513595581,332,859,306.86700523551826,850.6818020134491,-0.22668866934582618,0.13041612827313676,0.9,False
25327.031135559082,329,851,306.7598328080002,851.7356280258624,-0.2597615232459682,0.12409007310418801,0.9,False
25359.54213142395,339,842,308.9706304285458,850.7688804621149,-0.2503293947000408,0.1311546735060209,0.9,False
25393.700122833252,344,846,312.13966011926834,850.6785640049554,-0.23807269264420558,0.10886307241942136,0.9,False
25426.94401741028,344,854,315.0996884035894,852.1439299858283,-0.21784110385477107,0.11630431150843354,0.9,False
25459.813117980957,331,857,315.25304851899847,853.9409703707157,-0.25054953584113887,0.11761445227059368,0.9,False
25493.70503425598,312,872,311.7856959644057,858.4193897403494,-0.2512107052804474,0.1404142791353744,0.9,False
25526.93819999695,322,872,311.0146713078728,862.1832000395183,-0.22432367987931523,0.15006898997392798,0.9,False
25559.988975524902,316,874,309.3443226318748,865.7251389449932,-0.2462495355376283,0.13630611052303532,0.9,False
25593.335151672363,316,853,308.0967860559847,864.4690215501066,-0.3055618636330161,0.14588784487179007,0.9,False
25626.947164535522,303,865,304.60413298119283,865.7112073468626,-0.3068993853361073,0.15118532956649344,0.9,False
25660.205125808716,298,870,300.78862208161013,867.6954732196425,-0.30479521435121065,0.15334662220530487,0.9,False
25693.700075149536,303,879,298.69903173418913,871.1136129416045,-0.2737961865460321,0.14248579948791684,0.9,False
25727.297067642212,308,880,298.0847056997965,874.1532765466194,-0.2707271690804381,0.11850526938819762,0.9,False
25760.67304611206,316,879,299.32544879628506,876.462963743343,-0.25363284114403983,0.11402999833510295,0.9,True
25793.81036758423,315,877,300.3403706228588,877.9445406508107,-0.2607230833833842,0.12923399374732453,0.9,True
25827.064275741577,305,881,299.34776980914637,879.9172083014407,-0.27239318396564555,0.1261445427966036,0.9,True
25893.72491836548,307,882,299.0290522273878,881.7097796445921,-0.27259546960169795,0.12382937270569518,0.9,True
25926.63311958313,309,888,299.2803574656158,884.3477063238521,-0.2546350595690272,0.11731292466708401,0.9,True
25960.119247436523,434,871,324.61099688998996,883.1067449162754,0.05509238074473295,0.09089998202917372,0.9,True
25993.65210533142,404,849,340.33402847095607,877.5525525246636,-0.11695248587609178,0.09224140088321169,0.9,True
26027.00114250183,425,860,357.96133335611626,874.9284979110454,-0.029201084040739404,0.0502154070516652,0.9,True
26059.608221054077,627,981,413.3570261528295,896.8302075813368,0.00013607705995914772,-0.006434831598139744,0.9,False
26093.841314315796,392,876,413.5221533748291,894.4738392164855,-0.04787420667699525,0.11497981041816778,0.9,False
26126.830101013184,345,871,403.967293107431,891.3424266683846,-0.19673964815178938,0.13582627412116446,0.9,False
26160.267114639282,324,874,391.33717431874675,889.1660642743254,-0.26007295114794815,0.1067025926684218,0.9,False
26193.78614425659,319,872,379.33525029688275,886.8227601687538,-0.2649581307574433,0.12950812856151897,0.9,True
26227.11420059204,313,868,367.72924107543315,883.9504800820464,-0.30062910199049087,0.11549304069732375,0.9,True
26259.334325790405,320,875,359.11471048393435,882.8399829449198,-0.24772612746536504,0.13098596850673339,0.9,True
26293.724298477173,316,874,350.90155653761616,881.6470521292864,-0.26501491489490847,0.1308967537127385,0.9,True
26327.080965042114,316,875,343.8656792933934,880.7907467817224,-0.26326708734000714,0.1273946085399043,0.9,True
26360.41808128357,309,875,336.4654351074366,880.0284925465817,-0.2892811398993552,0.11622929927752974,0.9,True
26394.00315284729,311,874,330.57903395723866,879.1516425911813,-0.2795276638756925,0.12485172624750937,0.9,True
26427.08420753479,312,873,325.8088592509838,878.1814740589786,-0.28452966902469606,0.11856396397929504,0.9,True
26460.38317680359,314,874,322.20860136263343,877.53625291243,-0.27576940741656386,0.11892420663783418,0.9,True
26493.632078170776,321,881,320.6189470337847,878.3729259563587,-0.23304213108814975,0.12908875882850937,0.9,True
26527.002096176147,429,858,340.95230427692195,874.4772920454169,-0.047771170189459124,0.014760426567035958,0.9,True
26559.87524986267,616,981,395.79295934773944,895.7410876893913,-0.019989862849862903,0.06274709004116916,0.9,False
26593.47414970398,418,856,403.00157727975693,888.8889097020456,-0.02389763627431584,0.11515840145976161,0.9,False
26627.050161361694,431,869,411.56845059497414,885.5686485161417,0.05579250397806291,0.11257245882188827,0.9,False
26660.102128982544,411,858,414.6810365725483,880.4915242538701,-0.05869826653364992,0.09448660668831445,0.9,False
26693.732261657715,416,869,418.1220248669736,878.3299378540012,0.02171233968160259,0.13726768994577546,0.9,False
26727.22816467285,414,873,420.44652183762094,877.2762695627193,0.0025838895753025853,0.09467798765846704,0.9,False
26760.53214073181,420,869,423.4201657896371,875.576318002191,-0.029935459070477993,0.030446975714339648,0.9,False
26793.82824897766,363,880,414.3534787407216,876.3286725137391,-0.15457613826237065,0.06619688974690884,0.9,True
26827.436208724976,320,889,397.8154160517129,878.7795071561277,-0.21827128722860314,0.13076045394734037,0.9,True
26860.199213027954,311,893,381.7474270198164,881.676448107957,-0.24683184175199702,0.09969721701936278,0.9,True
26893.408060073853,304,887,366.54973676736836,882.9449815613142,-0.2827005193290753,0.1035365014042096,0.9,True
26926.786184310913,303,887,353.35758807517834,884.0138752365158,-0.2837301070723466,0.10539353174624537,0.9,True
26959.919214248657,313,888,344.13243461375725,885.1088051735235,-0.2530576399309771,0.10202866536535729,0.9,True
26993.703365325928,314,879,336.53721271643695,884.2232983874827,-0.2752225376012793,0.10970401232959197,0.9,True
27027.51636505127,309,881,329.1605390290282,883.8452489801504,-0.2743283787469307,0.12721075929540201,0.9,True
27060.628175735474,321,877,325.39039289204754,882.7048728012157,-0.2605956854864635,0.10506274667836289,0.9,True
27093.89901161194,328,869,323.71573741056903,880.1165068873852,-0.3050159336501269,0.0318311685332715,0.9,True
27126.57618522644,343,855,325.4331365265786,875.0975940644889,-0.29655322792787203,0.0456847317044268,0.9,True
27160.775184631348,363,852,331.04128066569854,870.2144958853121,-0.2470968719771079,0.05705320198734203,0.9,True
27193.547010421753,366,830,336.5539122347852,861.6651573968331,-0.3168920639708397,0.04147949911208644,0.9,True
27227.09822654724,496,788,367.35663199359067,846.0034845074255,-0.1288011703671306,-0.07006667162389138,0.9,True
27260.87713241577,569,818,408.31405270738725,838.700766402467,0.3089288327199059,0.006365705279006103,0.9,False
27293.687105178833,578,807,445.02246857565933,830.3825816998008,0.2940846415984815,-0.002411606441911805,0.9,False
27327.122926712036,575,812,475.56223502260156,824.4162661816704,0.26575070199224765,-0.03314697025501353,0.9,False
27360.265970230103,556,787,497.51988504652064,814.4776635514105,0.06584626494640243,-0.06457046240542769,0.9,False
27393.676042556763,515,785,507.6657399317023,805.7604125998504,-0.03859338659829863,0.024888566583414762,0.9,False
27426.75518989563,468,799,506.48021397409155,801.309806337271,-0.16024225963362787,-0.003904298159672127,0.9,False
27460.249185562134,469,801,505.21872368834846,798.1185239093772,-0.16300485061466555,-0.02025132224250566,0.9,False
27493.860244750977,475,783,504.9266151439093,792.0039176482705,-0.20876838458349592,-0.038962066162184894,0.9,False
27527.347087860107,473,768,503.89390677310587,783.9921804040748,-0.2601780355713833,-0.04550002165558819,0.9,False
27560.129165649414,474,770,502.85582131948837,777.769561536664,-0.254318618615419,-0.04649302939968536,0.9,False
27593.594312667847,469,775,500.6406086723345,773.6878722889131,-0.25366391142446953,-0.048105602762797274,0.9,False
27626.533269882202,479,778,500.44656377231365,771.0400159268603,-0.2091557547887148,-0.04652759860010252,0.9,False
27659.823179244995,481,781,500.40537366866613,769.6145306248598,-0.18609486165194192,-0.034934949577959465,0.9,False
27694.160223007202,482,789,500.3136832701659,770.2259486415946,-0.1551270621264993,-0.02453446476641529,0.9,False
27727.19430923462,474,784,498.3961485077635,769.9654037397612,-0.20125922296048077,-0.031952672012278326,0.9,False
27760.422229766846,475,784,496.73683871773807,769.944095768431,-0.20413793324832696,-0.037149608819143635,0.9,False
27793.692350387573,478,779,495.7195663694812,769.1144614477878,-0.21159174146338405,-0.04012123254843255,0.9,False
27826.518058776855,476,780,494.2694876059493,768.7825611719693,-0.21262382062122143,-0.042834101151723016,0.9,False
27860.323190689087,479,781,493.46583142704446,768.866606802355,-0.20227791299345235,-0.04679372663954099,0.9,False
27893.14103126526,480,781,492.83002873156,769.0956218826321,-0.20158156078701137,-0.04934799346395979,0.9,False
27926.855325698853,476,782,491.3503195254183,769.6375589884187,-0.20986764047252218,-0.044971709367601545,0.9,True
27960.483074188232,478,785,490.36188123349933,770.8359412198691,-0.19081251257313264,-0.03838642571589968,0.9,True
27993.438959121704,477,786,489.2063055168509,772.1835011220978,-0.19571322460942822,-0.04227057072588737,0.9,True
28027.191162109375,512,769,495.1190942033074,770.0457690289195,-0.12964282545513053,-0.020847296054289876,0.9,True
28059.861183166504,606,808,518.8744038964285,776.1216397673245,0.4326741753170637,0.03527496877456759,0.9,False
28093.217134475708,627,798,543.2403262656396,779.4073811611509,0.47969822661415673,0.018196219513642503,0.9,False
28127.212047576904,614,796,561.2498598108001,781.8838758607301,0.3984203252368056,0.01632857848010402,0.9,False
28160.343170166016,590,778,571.560821849451,780.453286608917,0.22065014623028972,0.02082174805403725,0.9,False
28193.785190582275,518,760,565.6554471890458,775.6761047193476,-0.10426518365661502,0.020631484100157443,0.9,False
28227.13804244995,480,777,552.6957414982011,775.0453444781008,-0.1943020049910751,-0.009159302530680178,0.9,False
28260.390281677246,474,773,540.1587003922159,773.7667983587287,-0.2380392624143209,-0.03438826932527964,0.9,True
28293.856143951416,475,767,529.4469515021982,771.5337374851146,-0.25549596162617455,-0.043117101985448464,0.9,True
28327.38423347473,474,765,519.9515930368214,769.2868389530884,-0.2578993266157355,-0.03450487998188367,0.9,True
28358.373165130615,474,761,511.74261835736235,766.6321622747597,-0.26492292077290314,-0.032794274154081975,0.9,True
28394.262075424194,480,759,505.87220370236366,764.0333254351,-0.26495040246317386,-0.060686297630589345,0.9,True
28426.838159561157,490,770,502.8309092623332,764.0871449575709,-0.21571008881867704,-0.09227453057528137,0.9,True
28460.113286972046,495,764,501.22679492014436,763.00903864278,-0.2232568827931024,-0.09946213533825271,0.9,True
28494.35329437256,492,772,499.2604795141247,763.7597664090434,-0.20783004957938547,-0.0937109670822658,0.9,True
28527.197122573853,508,762,500.7906207957873,762.4702184032669,-0.18775359709748818,-0.08337995857462016,0.9,True
28560.336112976074,512,752,502.91085887717355,759.4323104199356,-0.21046128011173432,-0.08571769164893962,0.9,True
28593.910217285156,535,728,509.3282378905869,752.1028865610047,-0.20805095214403407,-0.0806908591342321,0.9,True
28627.398252487183,603,674,528.4044312627764,735.1179756530465,-0.1508243916729352,-0.07353074602837538,0.9,True
28660.68196296692,681,577,560.2599935436909,701.3151405846395,-0.20252810953371064,-0.060152250242453326,0.9,False
28727.534294128418,769,476,604.9543101211734,652.4153373221186,-0.22932225833011033,-0.049682045511919994,0.9,False
28760.78224182129,881,367,665.2970392482105,589.1432902144736,-0.20642940565466575,-0.05630653483848292,0.9,False
28793.933153152466,897,358,719.6472620265306,533.7637419921646,-0.1884190680775148,-0.0643995710889628,0.9,False
28827.129125595093,888,361,763.6921434221663,487.7165868544219,-0.202694160843547,-0.06385161322754597,0.9,False
28860.66722869873,890,357,800.9854866263793,448.38930825283546,-0.20475733950740518,-0.06465712202224205,0.9,False
28894.227981567383,914,339,836.8070213680646,412.1089612615285,-0.18159430814116634,-0.05517211239362619,0.9,False
28927.451133728027,905,338,864.6934888765054,381.9098975183292,-0.20720821517817684,-0.0559621253234063,0.9,False
28960.870265960693,915,331,889.5400830315713,355.7651812235254,-0.19843930035379193,-0.05764325942453897,0.9,False
28994.211196899414,915,333,909.7568239152031,334.9192057713687,-0.19085722504396732,-0.05729792919336015,0.9,False
29027.272939682007,920,336,927.0001256365724,318.81683599935843,-0.16886016432130727,-0.05205664774476222,0.9,False
29061.85817718506,901,349,936.9014320051803,308.76404903509206,-0.18192802598742572,-0.03754603404641859,0.9,False
29092.130184173584,904,341,944.9437913399975,299.65829880987775,-0.1915032981643265,-0.026086999379857437,0.9,False
29127.845287322998,919,325,953.8317615899846,289.72492131224124,-0.20503931467690972,-0.04037764985484378,0.9,False
29160.717248916626,911,332,958.8777143021077,283.64855369663553,-0.20316820727058124,-0.038409327156384225,0.9,False
29194.223165512085,911,333,962.2761069477782,279.63214555486246,-0.19696332598532776,-0.031181856976454887,0.9,False
29227.1831035614,911,335,964.3111396383442,277.53059043404585,-0.2009179770710455,-0.04701822186220118,0.9,False
29260.545015335083,912,333,965.4283505956191,276.2156051316053,-0.2031963702283482,-0.048704702567119715,0.9,False
29293.76792907715,922,326,967.6097413534974,274.5207421545648,-0.1978558486473199,-0.055047508683931726,0.9,False
29326.882123947144,924,330,969.1467240750868,274.65124187753815,-0.1913508166010689,-0.07053008054135017,0.9,False
29360.128164291382,917,331,968.3743539313571,275.69362509754967,-0.2003046022380901,-0.04996464163374717,0.9,False
29393.78833770752,921,328,967.8714664306219,276.66495000559155,-0.20185306164816927,-0.05799564150476249,0.9,False
29427.24299430847,923,325,967.2442035442922,277.52647726528386,-0.19361723097499162,-0.047431742737858267,0.9,False
29460.889101028442,919,323,965.3524705213046,278.4486793761672,-0.20991285668062576,-0.04533644360636417,0.9,False
29493.6740398407,890,377,957.4210511626304,290.5804586731917,-0.1351575123670503,-0.027434859244362973,0.9,False
29527.00424194336,902,428,952.576968326856,311.6381426618354,0.11731521579560103,0.019068414993873625,0.9,False
29560.84418296814,926,442,952.827342480545,332.8357812839259,0.2680760696425006,0.01121623174899462,0.9,False
29592.90909767151,937,448,954.8699439037556,352.4494150978126,0.32639836635741976,-0.014999207586903105,0.9,False
29627.450227737427,921,433,953.0657591236073,366.41432994761783,0.1724359703612355,-0.035053690108925784,0.9,False
29660.84933280945,937,432,954.3948678445073,378.27407076149376,0.23866607172679033,-0.030275806342830093,0.9,False
29694.01717185974,923,369,952.4262232499672,375.87820913577457,-0.10739828039027854,-0.11419379688132711,0.9,False
29727.522134780884,931,347,952.0589579310022,369.46981038005555,-0.1981865711425583,-0.20267057139616107,0.9,False
29760.2481842041,971,305,959.4843595700835,355.6434939037463,-0.23104767293257056,-0.2341600910811175,0.9,False
29794.148206710815,997,268,970.7782227537474,336.5071941373156,-0.2709107456083266,-0.2470390735748913,0.9,False
29827.717304229736,1022,248,985.1629369972952,316.2847250690068,-0.2824780175231884,-0.289614619965285,0.9,False
29860.929012298584,1016,225,995.9618692321695,294.5962868134397,-0.3803020368173864,-0.30534638396784863,0.9,False
29894.121170043945,1030,219,1007.6681900969735,275.11758571814016,-0.3590535449707898,-0.3213116550846662,0.9,False
29927.088260650635,1039,220,1019.1310042541902,258.9863903656586,-0.3263621813481386,-0.32800364833088325,0.9,False
29960.857152938843,1034,218,1027.566175523241,245.16161554546463,-0.3088972494641086,-0.2737324882622944,0.9,False
29993.666172027588,1049,225,1037.4000968648386,235.13964081536992,-0.2851860895932715,-0.3438873654831453,0.9,False
30027.55618095398,1048,218,1045.2218993132522,225.58686582042253,-0.2798189818031042,-0.301227323383885,0.9,False
30059.13019180298,1051,211,1052.116382614473,216.44348761352566,-0.30966187375765913,-0.33384114379768287,0.9,False
30094.645023345947,1054,215,1058.2170841539232,209.85620521316116,-0.28454662211509174,-0.3349920977065526,0.9,False
30127.57420539856,1058,217,1063.8414175967644,205.05496322336074,-0.2534530265389043,-0.3137317134465434,0.9,False
30160.856246948242,1057,218,1068.0629987830805,201.57323678854226,-0.2547691610971118,-0.3108713953855904,0.9,False
30193.52912902832,1055,218,1070.8927570816925,199.00687915017357,-0.25587079626595505,-0.30818694571968475,0.9,False
30227.681159973145,1050,210,1071.944660292826,195.60703465080965,-0.2920289072330022,-0.305706371185622,0.9,False
30261.00730895996,1038,218,1070.093587391162,194.6790652559744,-0.29815304939283516,-0.2849912239063537,0.9,False
30294.676065444946,1021,236,1064.784814571282,197.8476355366932,-0.2575214490401446,-0.220703731164729,0.9,False
30327.524185180664,1020,245,1059.7539987877606,202.6911899541123,-0.20560400520639435,-0.1763337104647966,0.9,False
30360.796213150024,1012,238,1053.5992928437734,205.7301509553261,-0.24948820620893322,-0.17721082969356394,0.9,False
30393.786191940308,997,259,1045.1208708506667,212.79158441022614,-0.22121650800677725,-0.16247144201548924,0.9,False
30427.484273910522,986,272,1035.4965216448393,221.6568433820098,-0.18711446781509927,-0.09818978679805151,0.9,False
30460.962057113647,983,280,1026.5370886582461,231.02029264767663,-0.15453258276256185,-0.07902253247386902,0.9,True
30493.941068649292,976,288,1017.3890477535282,240.76411482490772,-0.14976181860306806,-0.06921984846422612,0.9,True
30527.616024017334,967,277,1007.7187610597068,246.98898436902715,-0.2070464030604406,-0.054758657838049514,0.9,True
30560.782194137573,975,292,1001.0396148905204,255.36902687940236,-0.15511921666484316,-0.08346843202112353,0.9,True
30593.83511543274,964,301,993.1491030899642,264.36147386264383,-0.16057964675954164,-0.07393791319655171,0.9,True
30627.592086791992,963,300,986.2480389416531,271.8439451310684,-0.16735564447069842,-0.07409507971396265,0.9,True
30661.112070083618,959,308,979.6172137704489,279.80533621072715,-0.1482978127718811,-0.06665763772096805,0.9,True
30694.367170333862,961,304,974.4376574498795,285.7503779249778,-0.16357900597484104,-0.0800641088727498,0.9,True
30727.408170700073,953,307,968.5148436274255,291.3497395907119,-0.1530925464808503,-0.031596173023735935,0.9,True
30760.256052017212,933,310,959.5697279877634,296.6378990620898,-0.17899329902808742,0.02703150144493099,0.9,False
30794.212102890015,925,315,950.4593724361969,302.04658798503084,-0.18212661354911622,0.042303068345787,0.9,False
30827.444076538086,919,317,941.6316296957943,306.94625128358325,-0.1961457060046519,0.03880243677384804,0.9,False
30860.96215248108,900,317,930.4676804408617,311.0000319053107,-0.23666307145569526,0.057052439257728974,0.9,False
30894.036054611206,867,353,914.5302852977042,321.5230559772886,-0.22283414543057942,0.06318626557733517,0.9,False
30927.51121520996,853,356,898.3466320458754,330.9611678218404,-0.22979328551971237,0.08976778118319442,0.9,False
30960.944175720215,848,376,883.7950876838006,342.8455083931906,-0.20481801325107465,0.05768500277796195,0.9,False
30994.08006668091,853,378,872.6765843583569,353.19504073836157,-0.20619414223211832,0.02133715215953107,0.9,False
31027.45509147644,857,371,864.3194272398904,360.4053994046535,-0.2085210228701233,0.02803335184770477,0.9,False
31060.150146484375,846,375,855.3361091819187,367.1149476789584,-0.22570526264089832,0.0396589916081192,0.9,False
31094.120025634766,866,352,852.0249732797824,367.9877203293495,-0.23511204659159757,0.03920921558209691,0.9,False
31127.24208831787,855,357,847.3623982476763,369.47276884527105,-0.25698395084857784,0.04167766893661726,0.9,False
31160.773277282715,858,354,844.3341729120224,369.8945040734047,-0.257844878023201,0.04448654008335995,0.9,False
31194.125175476074,866,344,843.693803671339,368.01996553493285,-0.2556751426221483,0.05759930547102116,0.9,False
31227.6029586792,872,336,844.6789242298411,364.60006849702296,-0.2642286410976575,0.054021716737735835,0.9,False
31260.488033294678,874,336,846.2313016869115,361.4828166200681,-0.2647802229495674,0.04623479426251062,0.9,False
31294.239044189453,874,336,847.8434529634089,358.6492442302366,-0.2671931301683906,0.0439665730000443,0.9,False
31327.57306098938,877,333,850.0819279450949,355.48039639530157,-0.27027971999587086,0.04318892813844786,0.9,False
31360.68606376648,867,337,850.2316155578424,353.4455795087496,-0.2794945878339334,0.05728389924165535,0.9,False
31394.106149673462,870,456,851.1749441072691,375.39845160605796,0.08283320946909029,0.003989182830455394,0.9,False
31427.68621444702,849,442,847.980607692047,391.2354365958239,-0.008701627192887414,0.05123645127136292,0.9,False
31460.12020111084,852,443,846.0387304573086,404.78188543302565,0.0019928837666990584,0.043922204324457044,0.9,False
31493.86215209961,822,431,838.5647122634205,413.72861936368,-0.14231488006188533,0.04110113302667523,0.9,False
31527.22120285034,851,448,838.164634878131,424.5162915833545,0.00120568296762494,0.0262166710479086,0.9,False
31595.23630142212,871,443,842.0157111715243,432.45954547131595,0.022419410278369706,-0.036677844644812996,0.9,False
31627.644300460815,863,393,843.8830293906187,428.95468797540093,-0.17339711634715232,-0.032120258454715736,0.9,False
31660.860300064087,873,365,847.6317769073527,420.0714061389969,-0.22034209436272456,-0.028642216777098637,0.9,False
31694.358110427856,870,361,850.3690178953084,411.43049525468706,-0.23426492046464004,-0.016534717954405812,0.9,False
31727.713108062744,858,363,850.4205571137355,404.24535994384337,-0.2696863075064355,-0.025318022253374466,0.9,True
31761.01517677307,855,372,849.9628477269608,399.7473135625838,-0.2561868881613263,-0.03624079977232346,0.9,True
31794.42524909973,873,365,853.2638422478483,394.37891227674174,-0.22612542999617455,-0.036430494517632986,0.9,True
31827.9230594635,877,352,856.9677866345869,387.0924724177115,-0.2531519929788093,-0.039673247065639294,0.9,True
31860.532999038696,881,348,860.9980383221832,379.99542089825115,-0.25949907187713955,-0.046549059783915325,0.9,True
31894.32191848755,888,347,865.8889324946311,373.6911740707062,-0.24138864878171923,-0.04523168993169223,0.9,True
31927.669048309326,883,348,869.0964620659945,368.4918942877275,-0.2529143189636701,-0.0471865778460861,0.9,True
31961.15207672119,890,346,873.2478662288719,363.65924520417485,-0.2440065074941082,-0.0492876390746159,0.9,True
31993.792057037354,882,347,875.1923513427889,359.7576693346104,-0.2682617192540662,-0.0580575969424415,0.9,True
32027.76026725769,891,346,878.6387080826853,356.26630638116404,-0.23282406137402265,-0.04767809476835804,0.9,True
32061.0671043396,888,335,880.9606107001666,351.13633193332475,-0.25198628663132216,-0.007078821927175752,0.9,True
32093.895196914673,882,337,881.7119913181493,347.217201282609,-0.2544416723945638,0.010434276521555727,0.9,True
32128.218173980713,884,335,882.7169359282937,343.5456674116016,-0.255715303506513,0.006949641726359915,0.9,True
32160.951137542725,877,334,882.1379991373651,340.294498082641,-0.2784393922117446,0.006125820069297371,0.9,True
32194.30112838745,878,340,881.8063430494574,338.80963597837064,-0.2508614459732666,0.02753252398371502,0.9,True
32227.851152420044,877,328,881.2902669384719,335.23761781524274,-0.28084082857812087,0.03898277775884035,0.9,True
32261.03115081787,878,329,881.0202024905037,332.4835017138705,-0.2750602152451359,0.04178623849862731,0.9,True
32294.291973114014,878,330,880.7638815655893,330.43376214325446,-0.2738587698429843,0.037275251258329894,0.9,True
32327.69203186035,878,334,880.5219730714498,329.5881869915182,-0.2671824495693136,0.03463504962816349,0.9,True
32361.06824874878,870,335,878.6948199685189,329.17055104357564,-0.2795285998918794,0.0455785639960698,0.9,True
32394.1912651062,861,344,875.3171665532607,330.71416827130724,-0.27891797539719737,0.04725700984352492,0.9,True
32427.46615409851,857,358,871.6241482670105,334.9262064765418,-0.23117036358424342,0.08300322104475918,0.9,True
32461.05408668518,847,366,866.4747449944502,340.2034876210422,-0.23047915770790986,0.0954921843168086,0.9,True
32493.98398399353,832,378,859.0955591098093,347.1692660350286,-0.24177133179106944,0.09824803377730967,0.9,True
32527.406215667725,841,374,854.6309362806326,352.352965219084,-0.2347721179894426,0.07826274561793099,0.9,True
32560.97722053528,834,380,849.4774922002159,357.98855169674056,-0.23583943168590438,0.0821788844831575,0.9,True
32594.66028213501,839,371,846.1483703732131,360.99050685624263,-0.24219064523931277,0.09091715273843382,0.9,True
32627.161264419556,841,373,843.7897613066347,363.9255308924277,-0.23672539972226836,0.08653439308979326,0.9,True
32660.83812713623,847,363,843.0656772359501,364.39454304281,-0.2528040942684938,0.07681504994268998,0.9,True
32694.019079208374,847,366,842.5388676162565,365.35115885587845,-0.24523816192932388,0.07158004973522113,0.9,True
32727.419137954712,851,359,842.9769016856183,364.7251027215881,-0.26145297740570356,0.06511553907204067,0.9,True
32760.813236236572,859,352,845.0343035852994,362.7479231112013,-0.2548428797892161,0.06668092206376237,0.9,True
32794.488191604614,839,364,842.8664343905737,363.42287378140924,-0.2820282366567573,0.06899702213469142,0.9,True
32827.88014411926,770,424,827.2805865762521,375.97052933382344,-0.33389514487372035,0.038104097991038414,0.9,True
32861.08922958374,803,452,820.6481671704448,392.2490467179705,-0.16365722522700032,0.028556351540868507,0.9,False
32894.38009262085,831,471,820.706922750193,409.86854000238185,-0.012935894613377786,0.022867541197095595,0.9,False
32928.18212509155,842,482,823.0911682439889,426.97922076321254,0.06655851618373601,0.010528530989080801,0.9,False
32961.366176605225,862,475,829.2506823957726,440.0013757617009,0.09940043802780126,-0.01832415857366975,0.9,False
32994.47822570801,862,450,834.6149512852559,445.88574808366894,-0.007918043046482392,-0.047853925261334244,0.9,False
33027.345180511475,854,428,837.6715003797057,446.2481026334611,-0.11353908471151683,-0.04904614901990037,0.9,False
33060.89806556702,854,410,840.3344529835362,442.694678238182,-0.16247568160424544,-0.03983843943393002,0.9,False
33094.76709365845,864,403,844.6470223601534,438.016009678783,-0.1551068080507677,-0.04497430106052007,0.9,False
33127.87628173828,863,395,848.1551175633118,432.20619470221334,-0.18753053011930793,-0.0523720809531855,0.9,True
33159.76309776306,880,392,854.559525491661,426.4622601249281,-0.1414347422061018,-0.05178299951042349,0.9,True
33194.61011886597,869,396,857.8222581611183,422.2076156614342,-0.16921712276502307,-0.054081258897284434,0.9,True
33227.14710235596,877,396,862.1814808545358,418.4544652151533,-0.14492685396013405,-0.056982056382223235,0.9,True
33260.81109046936,877,394,865.8664392645427,414.75255198859315,-0.1443282871858051,-0.04990702206207731,0.9,True
33294.35324668884,877,396,868.962853469021,411.91432071416386,-0.12891405029809264,-0.05069237520017066,0.9,True
33327.85105705261,876,400,871.34714678635,410.2315447517649,-0.12511886841964037,-0.049415003875388476,0.9,True
33358.901023864746,869,404,871.9166194830619,409.5489033851555,-0.14157847872518342,-0.05840773593967983,0.9,True
33394.46210861206,874,405,873.3333093806573,409.1288049133992,-0.117604924931771,-0.053203337498236816,0.9,True
33427.59203910828,872,407,874.0755505069915,409.13767540381554,-0.11722829813734618,-0.052417041380158874,0.9,True
33461.00211143494,865,413,873.2416694012989,410.3162694574311,-0.11947317612473117,-0.04929759999714822,0.9,True
33494.37212944031,873,412,874.0646755913942,411.0949277742244,-0.09463356282455437,-0.047037341623812595,0.9,True
33527.05407142639,871,409,874.3088848689185,411.1299220573361,-0.10493581779958742,-0.03940068281782115,0.9,True
33559.81230735779,867,409,873.6601338260191,411.12951852306094,-0.11832883390473481,-0.03820893620732188,0.9,True
33594.18702125549,870,403,873.6523312073526,409.90080211533336,-0.12120732322400425,-0.0326637675953206,0.9,True
33627.761363983154,871,402,873.797391362988,408.6258182942802,-0.13132305734693223,-0.045350273230138204,0.9,True
33661.4191532135,867,402,873.0761409359899,407.5174869935139,-0.138791362313225,-0.04024903814065926,0.9,True
33694.71311569214,874,398,873.8181253819115,405.757255459654,-0.1361329865996274,-0.04795146984526613,0.9,True
33727.78820991516,886,447,876.8141379335567,414.0456401597707,0.09001723276506657,-0.016628972071546542,0.9,True
33761.144161224365,906,471,883.3334261357587,425.91573938440047,0.29881380780495986,0.014728890691611055,0.9,True
33794.6081161499,891,467,885.8510776823769,435.21294223897894,0.22828463582873681,0.03274673365417217,0.9,True
33827.95333862305,904,464,890.5338512172397,442.4745319594553,0.27033427007308203,0.02863809917882224,0.9,True
33860.89611053467,867,446,887.0596186955668,444.97080997637704,0.06262158680234127,0.054841989523747234,0.9,True
33894.16313171387,874,457,885.4127710956209,449.1815549235627,0.11401377782128687,0.029396043011757578,0.9,True
33927.46114730835,873,453,883.7431227343892,451.8543968156638,0.07670641500041524,-0.0035822520347520764,0.9,True
33960.77227592468,861,432,879.8641624089453,449.8079450384691,-0.04932846120760486,-0.011960580353346437,0.9,True
33993.70813369751,865,412,877.3094719831377,443.93334434953374,-0.10908047980398018,-0.03038855723005901,0.9,True
34027.085065841675,866,400,875.301593349383,436.40788587372504,-0.14366440454271126,-0.028172520709574083,0.9,True
34060.74118614197,870,405,874.3712691977208,430.90208061476176,-0.11771669033680568,-0.037557649677930974,0.9,True
34094.21801567078,869,399,873.3687262870882,424.9520753327276,-0.14285542177030047,-0.0403232307432673,0.9,True
34127.42519378662,866,405,871.9084422747542,421.04604343599726,-0.14293511309664755,-0.049001998407895195,0.9,True
34161.51404380798,868,407,871.061435834557,418.1072706727997,-0.12973828175211896,-0.049682545043269105,0.9,True
34194.55695152283,870,438,870.7430115379384,421.80815551993766,-0.004930267746635709,-0.009096853351122031,0.9,True
34227.7991771698,882,484,872.8783652801377,434.18475465738214,0.2648024949905009,0.048342678015800104,0.9,True
34261.02113723755,877,480,873.7082700701619,443.95023723857264,0.22084614325047872,0.04214305958550768,0.9,True
34295.1180934906,880,482,875.0160836345792,452.6432868070108,0.24142646393912234,0.04154728762855206,0.9,True
34328.16123962402,865,479,873.1287867043186,459.38914930433447,0.17024398728614895,0.05306122493590255,0.9,True
34361.22131347656,873,480,873.1105653373859,465.2473173114689,0.18756302957240042,0.02071758960584666,0.9,True
34469.45834159851,860,414,870.4945140393413,456.9305541530236,-0.11867822163013872,-0.025461278265445954,0.9,True
34537.64319419861,861,412,868.4617461470477,449.30473623756035,-0.12109499015540358,-0.027498344303543767,0.9,True
34606.83512687683,868,411,868.1360418845856,442.5066854220223,-0.11427612200919543,-0.04694633707507065,0.9,True
34672.42336273193,857,411,865.6736645828213,436.64815563063155,-0.1405393982541915,-0.04008937919247238,0.9,True
34735.71419715881,855,413,863.1881138803057,432.01935638911056,-0.14196950194419636,-0.03211867583900315,0.9,True
34804.882287979126,857,417,861.4904984665557,428.86272557737226,-0.13083278248176708,-0.0475402761181847,0.9,True
34869.72713470459,853,419,859.2725328226683,426.5792512536167,-0.13651410302140032,-0.04555529531073926,0.9,True
34938.069105148315,832,403,853.2145265365896,421.45141511123063,-0.21285538317275282,0.025593951989759195,0.9,True
35006.12115859985,823,403,846.2852611539054,417.103127329172,-0.2282546377294579,0.051103935874839544,0.9,True
35068.65906715393,826,397,841.0313786990392,412.2364554058029,-0.22375949502174014,0.06244808314908563,0.9,True
35137.13812828064,788,428,829.0278543524926,414.33996512836353,-0.23542470338704888,0.060341925654223416,0.9,True
35205.448150634766,789,423,819.0779968172219,415.20490670470053,-0.24816786006601133,0.049664647770401533,0.9,True
35273.83208274841,773,425,807.5170708314424,416.4007945430408,-0.2858140316597554,0.0614949739011572,0.9,False
35337.09526062012,775,436,798.2081024317329,419.6721608864724,-0.24479902361541253,0.06400485035921212,0.9,False
35404.428243637085,726,485,780.6514863462088,432.30695848273143,-0.24177845633315365,0.0677450587599676,0.9,False
35470.983266830444,696,508,759.8775069931735,447.7173704466356,-0.26754543228752525,0.06239494523514234,0.9,False
35536.24606132507,671,520,737.4066234175029,463.2494684118038,-0.30761669421434734,0.062333997910059204,0.9,False
35603.30414772034,663,539,716.9444949113997,480.2318205384476,-0.2820000679936951,0.05558337902766137,0.9,False
35668.93815994263,651,552,697.4555321743652,497.2012779659167,-0.2821213166220137,0.05519039740628406,0.9,False
35737.502098083496,602,604,671.4449548890794,521.907493535013,-0.2726686228558799,0.0637550289098951,0.9,False
35801.18727684021,611,592,651.5105603289965,540.3670327431566,-0.27701587061990635,0.06235840370391381,0.9,False
35873.701333999634,574,637,627.6229038765434,564.823103673096,-0.26756386222145784,0.05557736813002947,0.9,False
35938.2221698761,602,610,613.3978066628937,579.9503190347398,-0.2712336821223476,0.045044687687389555,0.9,False
36006.27112388611,595,610,600.4657581364687,592.4527537369248,-0.2724405446049334,0.06980231145430506,0.9,False
36070.98722457886,627,577,596.4472425401757,596.0886647821806,-0.26997252487531304,0.06586201837982145,0.9,False
36139.96911048889,624,586,593.0398001626056,600.5428780879561,-0.2502779962898621,0.07137309756444539,0.9,False
36204.72502708435,618,598,589.5266489250482,606.3123436914036,-0.24409440458163736,0.06270124114775438,0.9,False
36269.05012130737,590,625,581.4957726160017,616.217084924943,-0.24499655516316868,0.07113107608356259,0.9,False
36338.716983795166,567,653,570.5844612672178,629.8579834461086,-0.23765272066205848,0.06420660003982834,0.9,False
36404.670000076294,576,639,563.6076193712944,638.2792624837597,-0.2500800208117729,0.06259580729862893,0.9,False
36469.712257385254,575,655,557.9913775962717,648.2258955474304,-0.19596412883719797,0.0759204329366078,0.9,False
36539.58296775818,572,656,553.1251658083033,656.4735233910678,-0.19483952283827122,0.08835681430906867,0.9,False
36606.49228096008,570,662,549.0838608338179,664.2653120207635,-0.18456403492094628,0.08592669786276597,0.9,False
36669.46530342102,583,655,548.7296987097786,669.0685387642433,-0.16955206005809725,0.0825951866228767,0.9,False
36734.29298400879,575,661,547.3033063610835,673.9235396421706,-0.17491524221775312,0.08310973494277041,0.9,False
36804.23021316528,579,651,547.3314817306463,675.6352264826168,-0.1929755409519113,0.08413862119482404,0.9,False
36873.47412109375,558,673,543.5762689365545,681.0761062685389,-0.19274684455156219,0.08154034917170644,0.9,False
36939.91136550903,547,678,538.5644151154604,686.3211286803627,-0.21757586807954712,0.07180356034051671,0.9,False
37006.32619857788,537,677,532.6674065237123,690.2061982274168,-0.2562777346949611,0.06152587832745389,0.9,False
37070.52803039551,538,682,528.207567563331,694.138171222028,-0.2422799564131837,0.052939489195143505,0.9,False
37135.98322868347,547,675,526.5702621608482,695.7219073347565,-0.23865507934463343,0.05031305532814407,0.9,False
37205.475091934204,644,672,544.9328143433839,696.1126041271425,0.06763647159407242,0.03628883366508105,0.9,False
37270.18713951111,683,689,568.7437518981675,699.5036601726895,0.2705872327078263,0.020428148946159637,0.9,False
37339.51020240784,571,639,566.9159185833521,692.0764562068246,-0.25194926704143533,0.08450278275780461,0.9,False
37407.15503692627,550,658,561.3081063503885,689.227006951375,-0.2726661633338937,0.06520933308819399,0.9,False
37469.78211402893,550,662,556.6710818126791,687.3310874543303,-0.2692769023352898,0.0565597858197768,0.9,False
37537.6980304718,559,656,554.6725144250091,684.2766040239701,-0.25616143307668804,0.05990882556189307,0.9,False
37604.84313964844,553,659,551.9313603225397,682.0559958926957,-0.26286573312119116,0.060220133095335825,0.9,False
37661.04197502136,547,661,548.552685569597,680.3720961091069,-0.2717173100734023,0.0666567570673728,0.9,False
37694.89812850952,546,662,545.6290432929815,678.9666816674478,-0.27779614935280167,0.05871684801660418,0.9,False
37728.27434539795,550,658,544.095075561116,676.8161276918879,-0.2787116174733091,0.055153811340694095,0.9,False
37761.41715049744,554,656,543.7466337014754,674.4448028088815,-0.268937865324849,0.06055841941618574,0.9,False
37795.88317871094,545,665,541.8045917644099,674.1018121983578,-0.26608845913954476,0.06455454350460911,0.9,True
37828.341007232666,549,663,541.0935636578987,673.3060622139608,-0.26279376760642803,0.06246361764310815,0.9,True
37862.444162368774,554,657,541.6301603239178,671.3320480635904,-0.2629932533104349,0.06386065519062004,0.9,True
37894.87528800964,552,657,541.8243688524142,669.5617427691129,-0.26521047325679115,0.06545346237192479,0.9,True
37928.78818511963,556,655,542.9154107571791,667.5780086299427,-0.26327058912720275,0.06506422781684218,0.9,True
37962.03708648682,565,645,545.7627054708953,663.8233145368739,-0.26120344647853583,0.07270831263912261,0.9,True
37995.22018432617,572,644,549.6970385022563,660.3685817352606,-0.23861804328225605,0.0772246434294901,0.9,True
38028.802156448364,574,652,553.541877747315,658.9865477374999,-0.20603066189442565,0.08336394562939184,0.9,True
38061.77830696106,568,659,555.6905241067311,659.187766569458,-0.20976965945531745,0.08091189240724497,0.9,True
38094.88320350647,567,661,557.3735675395076,659.7462380807649,-0.2054287496377129,0.07931652140033732,0.9,True
38128.297090530396,566,663,558.6483547185353,660.6097321154003,-0.20341616429138049,0.07815760461996109,0.9,True
38161.447286605835,566,666,559.7662063988437,661.93239758157,-0.19489466379873627,0.07620129925835685,0.9,True
38193.62831115723,567,667,560.9436049911058,663.2447646534181,-0.19064642051580658,0.07249584350844432,0.9,True
38227.93507575989,569,662,562.3662757983674,663.3447281155177,-0.2010284402020643,0.0733939208995965,0.9,True
38261.36016845703,580,651,565.7928621001985,661.2067691769905,-0.1956392358045641,0.07620177690364663,0.9,True
38295.08113861084,593,633,571.323559646994,655.7603117704755,-0.2140980245140684,0.07045957142332934,0.9,True
38327.763080596924,579,644,573.2371368891372,653.2996750216572,-0.22052983265018036,0.0703173487957792,0.9,True
38358.57105255127,591,630,577.2448368576632,648.4071699556471,-0.22993058223880877,0.06946429400399103,0.9,True
38395.27416229248,582,638,578.8343990077153,645.847736970097,-0.22643881535018787,0.07674813158828891,0.9,True
38427.94227600098,589,631,581.5482567409874,642.2955540887224,-0.229100700588636,0.07287405632974038,0.9,True
38461.45725250244,582,638,582.4186995043918,640.703200395773,-0.2262696226243457,0.07496790800290214,0.9,True
38494.49920654297,583,638,583.3094710550569,639.3932747694699,-0.2240308778162759,0.07682814561333566,0.9,True
38528.27024459839,582,642,583.8179620148547,639.1267572715012,-0.21368070705207587,0.0766492030569977,0.9,True
38561.71917915344,578,646,583.4005152891617,639.7518531761727,-0.2136006571540468,0.07773615251014351,0.9,True
38594.868183135986,578,647,582.9945510380851,640.5352385242278,-0.2096889866927644,0.07987823637521602,0.9,True
38628.340005874634,580,650,583.0031856233827,641.8481436223487,-0.19661931853824988,0.07963646701196264,0.9,True
38661.52024269104,585,649,583.9700508166424,642.8071591192141,-0.181674674053428,0.08302257747118937,0.9,True
38694.97013092041,586,649,584.9572756270281,643.6569427284503,-0.17806740634493542,0.08207654064197693,0.9,True
38727.949142456055,582,650,584.9609584669764,644.60801037946,-0.18627311191351287,0.08438714768516571,0.9,True
38761.66605949402,582,653,584.9244252927086,646.0407576952082,-0.18105177788371685,0.08253197507180327,0.9,True
38795.047998428345,582,656,584.8562064160584,647.879745445204,-0.1717696392508547,0.07972887866820412,0.9,True
38827.972173690796,588,651,585.963548562524,648.4592057059313,-0.16916815495156226,0.07793972671804826,0.9,True
38861.62209510803,589,653,587.0765749655295,649.3566511717673,-0.1630118723187249,0.07889519163869453,0.9,True
38928.67612838745,582,661,586.5926417550602,651.7231855288126,-0.15858791325283758,0.08119995227104111,0.9,True
38961.74621582031,584,653,586.544259963284,652.1401038740646,-0.17493500731358974,0.08709258528202876,0.9,True
38995.018005371094,591,648,587.8716310636859,651.4851038319454,-0.17488785596719894,0.0800691162463284,0.9,True
39028.154134750366,579,649,586.5752395298249,651.1146357471573,-0.20444526685418382,0.08371011196780874,0.9,True
39060.85920333862,583,643,586.2371231090051,649.5900661360315,-0.21093647639300656,0.0814457409106327,0.9,True
39094.727993011475,582,642,585.7234683308959,648.0825428986504,-0.21649448095508542,0.08019432559256774,0.9,True
39127.91609764099,590,632,586.8628982639966,644.7954237367636,-0.22436430206868593,0.07336872351878271,0.9,True
39161.26799583435,584,639,586.6162702336239,643.3951227574306,-0.22594805741720678,0.06993052172106246,0.9,True
39194.70810890198,585,637,586.5840842062107,641.8162803371985,-0.228164345010928,0.06831296481988572,0.9,True
39227.824211120605,587,633,586.9372142615307,639.6889893298501,-0.2329938341830984,0.0689218173583024,0.9,True
39261.253118515015,599,624,589.6205554489663,636.0979699995735,-0.22616797837689134,0.06757414044978922,0.9,True
39295.03917694092,590,630,590.0922876595953,634.2638482686912,-0.2329852799785919,0.0667123786444934,0.9,True
39327.95333862305,593,630,591.0684429259704,632.7396995737361,-0.2277789194361294,0.06442258228338311,0.9,True
39361.45806312561,580,643,589.2751212333909,634.0838512901221,-0.22644484204815007,0.0662118478970335,0.9,True
39395.01714706421,591,638,589.9167955962155,634.2780546460293,-0.21134794127742576,0.06198370277894308,0.9,True
39428.282260894775,583,643,588.8445778118589,635.483043268808,-0.21814218939938748,0.06590377362824867,0.9,True
39461.480140686035,577,647,586.7088758802156,637.3472602567803,-0.22181221847962979,0.07059324197995616,0.9,True
39494.64702606201,574,649,584.270862656498,639.3673370437343,-0.22488637324302435,0.07190379444242717,0.9,True
39528.5210609436,578,646,582.983507242104,640.5118339793811,-0.21881943173280907,0.07209990969469655,0.9,True
39561.61427497864,580,648,582.2871761473607,641.9006070748401,-0.20983178016355705,0.07241621715836413,0.9,True
39595.03626823425,584,643,582.4996155896013,642.0929507902094,-0.21097429879689658,0.07056029960382977,0.9,True
39628.50213050842,587,642,583.2895722688656,642.0589197519688,-0.2072439413547195,0.06706382094124273,0.9,True
39661.293268203735,583,647,583.1710099820257,643.0309093246834,-0.2044552055015562,0.06794750855889181,0.9,True
39695.430278778076,586,644,583.6738800194601,643.2614221918593,-0.2073696022161483,0.06620736475357479,0.9,True
39728.62434387207,591,641,585.1071909824814,642.8556801897086,-0.20143736199914397,0.06440780504348458,0.9,True
39761.92212104797,586,648,585.3324105397986,643.9063441854585,-0.19749408136099017,0.06344144480223823,0.9,True
39795.125007629395,588,645,585.9214873784551,644.2014574595856,-0.20058516396111223,0.06188544502999823,0.9,True
39828.6771774292,593,642,587.420462351001,643.8481953127596,-0.19795473258766347,0.05948025797833857,0.9,True
39861.34314537048,592,643,588.4940361643577,643.7409429911286,-0.1960950585953642,0.05900212636477319,0.9,True
39894.90103721619,592,643,589.3996413995183,643.6452618939421,-0.19787868866645753,0.05886718211834562,0.9,True
39928.42221260071,590,645,589.7587970356532,643.9601135242737,-0.1957729047080949,0.05948409136734995,0.9,True
39960.35718917847,591,643,590.2493375840857,643.8258599815487,-0.19680509497834242,0.061818919690136725,0.9,True
39993.4401512146,594,641,591.2517788550438,643.3074456809479,-0.1956166741932796,0.062292375709686,0.9,True
40027.196168899536,591,643,591.4903748204098,643.2619482980547,-0.1987942778846081,0.062255660966967864,0.9,True
40061.169147491455,589,646,591.2747132617637,643.822057747766,-0.19792167152662354,0.06043254253232696,0.9,True
40095.07513046265,593,642,591.8718545046901,643.499184537565,-0.19726862402153333,0.05943016446900945,0.9,True
40128.613233566284,593,643,592.3646094389686,643.4208968422366,-0.19277847248087857,0.0626433063665268,0.9,True
40161.91005706787,594,642,592.9672852605386,643.1526547280774,-0.19114373700315565,0.06418153173317279,0.9,True
40195.205211639404,595,641,593.6631954476541,642.7226923070423,-0.19381294841500415,0.06340310076086327,0.9,True
40228.58810424805,596,640,594.4377476580443,642.1557531394536,-0.1920549879894759,0.06375701877264105,0.9,True
40261.67416572571,598,640,595.4782194575826,641.6734584301901,-0.184433994360669,0.06401447023509987,0.9,True
40295.22609710693,606,632,597.9442206377787,639.6653098837099,-0.18298393729034249,0.06460505203114944,0.9,True
40328.559160232544,610,627,600.824431973432,636.9565869147431,-0.18534105007659984,0.06658890468138363,0.9,True
40362.01620101929,608,631,602.8509419489754,635.456854047373,-0.1783053812112408,0.06810259767423463,0.9,True
40395.18213272095,605,629,603.9408040367573,633.7976430328453,-0.19182175015663766,0.06945839770940687,0.9,True
40428.75123023987,599,635,603.6268163198259,633.6063056474519,-0.19046776981982605,0.07526488301443882,0.9,True
40462.22114562988,601,633,603.7139352620165,633.0718183305045,-0.190289488203695,0.07376744665881735,0.9,True
40495.378255844116,603,629,604.1474446122754,631.8432708992065,-0.19555785975459275,0.07303487112557892,0.9,True
40528.510093688965,607,629,605.2789528309856,630.8225226755119,-0.18366271985089896,0.06914407489015016,0.9,True
40561.61117553711,601,632,605.0071067015406,630.5816237942161,-0.19202486466593807,0.0754014012778565,0.9,True
40594.66910362244,610,626,606.5362017086306,629.2078163719233,-0.18375231307808856,0.07262067778055004,0.9,True
40627.99692153931,604,628,606.6056616915209,628.4659995491301,-0.1943628120824061,0.07347850853376496,0.9,True
40661.92317008972,612,624,608.2264875219463,627.0663327635738,-0.1827093578275768,0.07332337618948355,0.9,True
40694.645166397095,607,627,608.573461685994,626.5057148982811,-0.18867883323157367,0.07460214556791643,0.9,True
40728.334188461304,614,624,610.2300615280855,625.4638110740699,-0.177809305633061,0.07189912220613866,0.9,True
40761.87229156494,608,627,610.405607248051,625.2107705337132,-0.18510072474498493,0.07370076957243073,0.9,True
40795.295000076294,607,631,610.313969060716,625.8321944943118,-0.17713810565053706,0.07156404107051735,0.9,True
40828.771114349365,604,632,609.596472256705,626.5982377361998,-0.18059524889517634,0.07699931131986018,0.9,True
40862.05005645752,609,630,609.947855183407,626.883095826561,-0.1744034246713379,0.0744104290681764,0.9,True
40895.442962646484,606,629,609.6163234556564,626.9525410211623,-0.18498610747454458,0.07631355575802903,0.9,True
40928.27320098877,603,634,608.7028804273805,628.0353966298946,-0.18314539310275374,0.06920656409491541,0.9,True
40962.149143218994,599,637,607.0960875990613,629.5812091618152,-0.1857145442836896,0.07551230886935495,0.9,True
40995.23997306824,596,643,605.1027055017519,632.1167763985275,-0.18073380234554326,0.06705543250361054,0.9,True
41028.335094451904,600,635,604.1866304172142,632.6903398359169,-0.18937231119515693,0.07382721953261302,0.9,True
41061.11431121826,601,639,603.597948610688,633.979986054683,-0.18006156817739621,0.06692835284419564,0.9,True
41095.46232223511,598,639,602.4923638506579,635.0786365489666,-0.184594154057091,0.07131922408468129,0.9,True
41128.40223312378,600,635,601.9479978579583,635.2098417904074,-0.18661957912569455,0.07314969602970754,0.9,True
41161.638259887695,607,627,602.8865317590258,633.7120080930212,-0.18921080500803475,0.07320747085737407,0.9,True
41195.083141326904,602,633,602.6922051230929,633.6242476938719,-0.19161280658158247,0.06965702974793196,0.9,True
41227.96416282654,593,641,600.7275144127053,635.1457160719675,-0.1940448315111461,0.07040419936558628,0.9,True
41261.89208030701,599,635,600.2527283188925,635.2409478934844,-0.19359595710637692,0.07227691662183561,0.9,True
41295.1340675354,598,636,599.6561963995903,635.5139207121182,-0.19467793661319455,0.07106413424768325,0.9,True
41328.50003242493,601,635,599.7568882454873,635.538780024197,-0.1900142495409281,0.07075001936617095,0.9,True
41361.711263656616,606,632,600.8540165455985,634.951483740204,-0.18352368920811896,0.0687359158093131,0.9,True
41395.86901664734,604,635,601.4003322984128,635.0422935964737,-0.1843893808128507,0.06359490444009698,0.9,True
41428.362131118774,603,638,601.6720471366854,635.7143775668696,-0.17955354625600858,0.06373131042940332,0.9,True
41462.100982666016,612,630,603.707125045481,634.6825197089615,-0.17201097257265743,0.07007590121502576,0.9,True
41495.248317718506,609,627,604.8457590385777,633.1945998265156,-0.1857770003683099,0.07393952392147307,0.9,True
41528.1400680542,601,637,604.2120561125407,633.9216692562053,-0.18329889021838203,0.07173891674377796,0.9,True
41561.769008636475,602,631,603.8622663568773,633.3443692098742,-0.19289378868067866,0.07755295890719144,0.9,True
41595.165967941284,600,641,603.1576043342549,634.8512709166778,-0.17778239726252884,0.06885070148465888,0.9,True
41629.08911705017,598,635,602.1517733250334,634.938775336565,-0.19633985199063056,0.07332624177847072,0.9,True
41661.959171295166,599,640,601.4917515399892,636.0095952013205,-0.17868593130906,0.07013504712267485,0.9,True
41695.6570148468,595,642,600.1305107580873,637.3194564904406,-0.18526508782851392,0.07265498252476185,0.9,True
41762.171268463135,591,648,598.173111322458,639.6297527685308,-0.17891133993533875,0.07275440674579552,0.9,True
41795.38416862488,600,640,598.3115502896551,639.9895930874226,-0.1705226993130246,0.07561964011644388,0.9,True
41828.747034072876,602,638,598.8448141262173,639.8776041013704,-0.17376017507537547,0.076583537950523,0.9,True
41861.995220184326,592,648,597.3134943404509,641.762978191177,-0.17229355318872666,0.07757948832998292,0.9,True
41895.326137542725,592,648,596.0175919206317,643.3544377538067,-0.17274785936841044,0.0739251263578714,0.9,True
41928.57599258423,588,649,594.1273020925013,644.8895462338596,-0.18385131520670747,0.07526910684554584,0.9,True
41962.02111244202,589,649,592.7333728687636,646.1724390681172,-0.1798494988016213,0.07637119751569973,0.9,True
41995.28217315674,589,651,591.5684511848566,647.6364541479484,-0.17278893848625426,0.07790806502974573,0.9,True
42028.67317199707,590,649,590.8022678219329,648.4525134898406,-0.17570153392500534,0.0778479302189406,0.9,True
42061.022996902466,591,650,590.3786242273015,649.31266078349,-0.1714172495230974,0.07661044435845056,0.9,True
42095.13235092163,593,645,590.4479943618992,649.0099431412962,-0.17680167041454795,0.07832223356831251,0.9,True
42128.62229347229,594,644,590.7375172114185,648.5143031189905,-0.17743823393712935,0.0788582830323659,0.9,True
42161.386013031006,592,646,590.6126352615485,648.4576003928927,-0.17789287402282764,0.08028825874398271,0.9,True
42195.48416137695,589,648,589.931227898165,648.779470206776,-0.18643461530723376,0.07414236874558681,0.9,True
42228.456020355225,588,650,589.1736856354828,649.4265731217922,-0.18144340042535614,0.07749444488380784,0.9,True
42261.40332221985,595,646,589.9520026835305,649.1519011455147,-0.17448844074854813,0.07524863178446395,0.9,True
42294.93308067322,591,645,589.841962952855,648.6901382158858,-0.1812741638151227,0.08435847729382981,0.9,True
42328.17220687866,581,658,587.7693716622766,650.8715260293042,-0.17672930880463097,0.07766179894933824,0.9,True
42361.27018928528,586,654,587.0210403409835,651.9116825996482,-0.1725942790544142,0.07972031823727639,0.9,True
42395.228147506714,580,663,585.208761412736,654.571652087928,-0.1672040546376879,0.07939316212803574,0.9,True
42428.45106124878,577,663,583.089488117968,656.8120056507129,-0.1711384444254863,0.08406837833362453,0.9,True
42461.27915382385,579,662,581.7128763072475,658.4867950922646,-0.17119047338080456,0.07946659690581186,0.9,True
42494.317054748535,582,658,581.1754151745744,659.0734693776092,-0.1740306292991085,0.0797195891659443,0.9,True
42528.627157211304,580,661,580.3564407327749,660.12849588085,-0.17045907992037243,0.08103998452150739,0.9,True
42562.114238739014,579,662,579.4965086362316,661.1841371383646,-0.16942885286774742,0.07934524263272433,0.9,True
42595.01814842224,577,662,578.4019428438472,662.0395283158648,-0.17868907886599664,0.07998559428831412,0.9,True
42628.437995910645,578,663,577.7075976386884,662.9233142136534,-0.17557570469200412,0.07759781410980057,0.9,True
42661.93509101868,579,662,577.3560201727122,663.4313654090356,-0.17280115764016732,0.07564777445003547,0.9,True
42695.54424285889,583,659,577.8966779309618,663.2187214932209,-0.17333716940560506,0.0761215399438381,0.9,True
42728.89018058777,583,656,578.3972484318153,662.3923567406595,-0.17917293440309678,0.07895086498453457,0.9,True
42761.86919212341,578,664,577.8590748534073,663.2460335154016,-0.1672923177753258,0.08390951561335723,0.9,True
42794.98910903931,584,656,578.6304149926353,662.3390278216566,-0.17342508039048093,0.08626066434839842,0.9,True
42828.2413482666,580,660,578.5190815707826,662.3289028957051,-0.1775383598082352,0.08282625456937459,0.9,True
42860.98623275757,577,666,577.8497604123568,663.4897509163345,-0.16495820021397634,0.08223019176644421,0.9,True
42894.98496055603,574,670,576.7029733467846,665.2518993206203,-0.16144810181740135,0.0862064243285218,0.9,True
42928.31015586853,573,668,575.549504049703,666.3249260531072,-0.17650627112570225,0.07994448210526006,0.9,True
42961.67016029358,574,667,574.7927352247085,667.0056817583888,-0.17507125526555342,0.08407100024701747,0.9,True
42994.423151016235,577,664,574.7767503617167,666.9502105658355,-0.1751309845620755,0.08174855000502804,0.9,True
43028.15914154053,574,666,574.1936057998338,667.266497470915,-0.17672755712348084,0.08297528483545065,0.9,True
43061.54918670654,581,659,575.124508739663,666.1026403620332,-0.17486283854766763,0.08477155771798682,0.9,True
43095.44014930725,579,659,575.5475709749975,665.0768528034339,-0.18105889177403942,0.0854246679001386,0.9,True
43128.647327423096,582,657,576.532053150265,663.7751980525087,-0.1754885499580681,0.08678014916249617,0.9,True
43161.93103790283,580,657,576.9925448484756,662.6435382777352,-0.18462016736588108,0.08625949747156397,0.9,True
43194.889068603516,594,644,580.2010376090644,659.0629632808798,-0.18027174758622228,0.0809616526183436,0.9,True
43228.007316589355,593,643,582.7518179827479,655.7976637729837,-0.1888097908511521,0.08299885825512879,0.9,True
43260.770082473755,597,636,585.7290847085914,651.6147886496938,-0.19476047453664655,0.08247474924518534,0.9,True
43294.878005981445,592,644,587.2611769598183,649.6602913690659,-0.18766621190964783,0.08497681985556885,0.9,True
43328.516244888306,587,647,587.5500350680022,648.6212229929761,-0.19343043608525878,0.08386094007472969,0.9,True
43359.533071517944,588,646,587.9737877536427,647.5683519855312,-0.19327703122577405,0.08209163428678905,0.9,True
43395.05219459534,586,649,587.9131393987732,647.3051438197682,-0.19134587582575183,0.08012822673312528,0.9,True
43428.41029167175,583,652,587.2391121895605,647.7171753695609,-0.19251501216105862,0.08003076490932343,0.9,True
43461.97319030762,584,649,586.8433689263296,647.5039049378008,-0.1999942534357394,0.08210934206849117,0.9,True
43495.18418312073,587,647,587.0888627300606,646.9532365265555,-0.1962743196539224,0.08311805727510599,0.9,True
43528.430223464966,585,644,586.8840729366445,645.9133253105385,-0.20623026818068943,0.08809333896945372,0.9,True
43562.02721595764,591,642,587.895120129423,644.6558853335844,-0.1993755862561057,0.08264473237187722,0.9,True
43595.21722793579,583,653,587.1453562819203,645.8145215475732,-0.18938010723872384,0.08707252240886872,0.9,True
43628.39126586914,580,655,585.8902737868258,647.23723689813,-0.19541456624320375,0.08384957119909438,0.9,True
43662.01710700989,583,652,585.4076708069258,647.8789126866004,-0.19210143722752887,0.08564959594110161,0.9,True
43694.82398033142,582,653,584.7894861455801,648.6472011482222,-0.1932096269663795,0.08582189803311432,0.9,True
43728.07192802429,589,645,585.6577452678958,647.7198692355432,-0.19885781532451108,0.07865221081058682,0.9,True
43761.71016693115,585,650,585.5969159621766,647.9417387822594,-0.1954260732667726,0.08179402037699499,0.9,True
43795.382022857666,584,651,585.3402936381054,648.3466779025356,-0.19581152570383026,0.07801715795565273,0.9,True
43828.649044036865,587,649,585.717125197007,648.3060068267228,-0.19421737538720443,0.07524482691217033,0.9,True
43861.81616783142,593,646,587.2356954415015,647.6827232083829,-0.18929340305865694,0.07295811893026803,0.9,True
43895.411014556885,608,633,591.5274090312105,644.5616600042658,-0.18399384797422857,0.07150233732383784,0.9,True
43928.83110046387,601,638,593.7804144492281,642.9106539742486,-0.1849738064690576,0.07385968484204446,0.9,True
43961.69710159302,605,633,596.4790799243193,640.5243737639115,-0.18975000901920053,0.07561010416684993,0.9,True
43995.429277420044,610,629,599.751624572068,637.715024612123,-0.18350775435096092,0.0749067263777459,0.9,True
44028.664112091064,613,626,603.1063052959727,634.7513449625305,-0.1872842254785228,0.07470255250423913,0.9,True
44060.219287872314,604,627,604.1219658044835,632.4637166433562,-0.21321112967305372,0.06780079818006328,0.9,True
44095.43013572693,599,632,603.9328680005657,631.560764432772,-0.21608156406240184,0.06614383724788377,0.9,True
44128.986120224,602,626,604.3158181840905,629.6442591385344,-0.2207276115357087,0.06947865179957838,0.9,True
44161.816120147705,576,658,599.3913007551225,634.4624647812972,-0.21410094479930714,0.04473545932475606,0.9,True
44195.454120635986,639,664,607.7398028018798,639.8308630984234,-0.018635391480610414,0.004488733191885889,0.9,True
44228.591203689575,678,649,622.635407068594,641.4478369108122,0.04197321319447309,-0.03996013846194134,0.9,True
44262.073278427124,661,624,631.8900850543839,637.842111468579,-0.10797332779242631,-0.04396436526665508,0.9,True
44295.25709152222,632,618,633.8819596422908,633.5729696285447,-0.22161363661251826,-0.03385705029411765,0.9,True
44328.54914665222,669,562,642.8503665173859,618.7500165614699,-0.2546602142010332,-0.006341721160483509,0.9,True
44362.10322380066,698,548,656.1737537972301,603.3349872203239,-0.22024711898131275,-0.026001792112529183,0.9,False
44395.05219459534,709,517,669.5901469038091,584.0651639178028,-0.2626788697227585,0.0005004538046848347,0.9,False
44428.71713638306,745,485,688.0487260970215,561.3551030902152,-0.2440509203759976,0.009452376410875379,0.9,False
44461.94005012512,762,458,706.9749397702977,536.7689863869422,-0.26454312585327094,0.015547347108180438,0.9,False
44495.413064956665,762,461,722.849578178648,516.6498398724979,-0.26386571700047196,0.0022735006251853452,0.9,False
44528.45025062561,758,477,735.271294529613,503.0125247959758,-0.22134624875599423,0.02017245091640188,0.9,False
44562.350273132324,758,476,745.5117170166568,491.5558390708118,-0.2222240842958817,0.01836448160300437,0.9,False
44628.13425064087,739,498,750.0705654460697,486.58307930306984,-0.21641402878421426,0.01885254988032994,0.9,False
44661.77415847778,727,508,751.1700366503192,484.75709709816863,-0.23001343150270412,0.015064061028823732,0.9,False
44695.19901275635,733,503,752.9273464583812,482.60621670627205,-0.22401015362266424,0.015820456521259896,0.9,False
44728.64103317261,727,508,752.8674963520523,482.1574295033378,-0.23043223827025844,0.010988049280601184,0.9,False
44761.91711425781,740,502,755.0747163156286,480.94296734761264,-0.2083483121502458,0.009079054655231504,0.9,False
44794.9960231781,725,510,753.6394960689479,481.85215805839766,-0.2304265596231728,0.00539474623486533,0.9,False
44828.33790779114,706,537,748.3094599240173,488.35481518624704,-0.21203717105333536,0.0045210868942639135,0.9,False
44861.92321777344,684,553,739.0813048757526,497.4055433527099,-0.23693108298460405,-0.004137522998774815,0.9,False
44895.225286483765,670,567,728.1643634387975,508.18738530784407,-0.23578745201135806,-0.00046444450860220083,0.9,False
44928.34424972534,668,570,718.2552854433827,518.1970270678469,-0.23546068505748563,0.0006285229921782364,0.9,True
44961.88020706177,654,583,706.8579525744725,529.4954467816111,-0.23040463072005377,0.008233570219770064,0.9,True
44996.15812301636,666,567,699.4353135783514,536.0475765955343,-0.24379702306828632,0.0072726376427641615,0.9,True
45028.46121788025,658,577,691.4513982004098,543.7019794253991,-0.22918254854779682,0.017393356859469616,0.9,True
45061.30814552307,650,581,683.0182472553845,551.0694752969523,-0.242316950461621,0.0227374468888195,0.9,True
45095.5331325531,654,579,676.6314832026258,556.9625456569022,-0.2419097238669986,0.013771065595014354,0.9,True
45128.66997718811,645,592,669.4203188510503,564.5708346694366,-0.23426663461718494,0.010626445674853156,0.9,True
45161.97919845581,661,583,666.5257831184426,569.2231880838718,-0.21721292421341978,0.006870504935978786,0.9,True
45195.01614570618,671,579,666.1364774241107,572.3287616409683,-0.19243993379545057,0.014709388001374077,0.9,True
45228.15227508545,666,577,664.8898798363236,574.5021703314326,-0.21795538499867645,0.005011867230867407,0.9,True
45261.89613342285,657,590,662.1074033682763,578.8742016793849,-0.21108597742424123,-0.0023697099266361166,0.9,True
45294.97218132019,651,589,658.6133234822614,582.320170735355,-0.2346642482477573,-0.007513788163653645,0.9,True
45327.460289001465,652,592,655.916548593686,585.7660103703263,-0.22593876015995043,-0.011586414613607501,0.9,True
45362.16616630554,662,578,655.7069080349099,585.8058019400323,-0.23693536940536797,-0.011128949430288767,0.9,True
45395.25008201599,655,583,654.2231034807569,586.7335578365967,-0.23610799083889827,-0.0032241968100864223,0.9,True
45428.51710319519,659,576,653.846418457691,586.0259817826935,-0.24624103832507088,-0.0050941144110954305,0.9,True
45461.045026779175,658,580,653.4137848598025,586.1262411824684,-0.2384953838285059,-0.007927963638983357,0.9,True
45494.545221328735,654,584,652.3288275166943,586.9247654865221,-0.24093470634798392,-0.010002127220123967,0.9,True
45527.74715423584,654,581,651.4831439419852,586.9245880566115,-0.2513100241945284,-0.011577932762134334,0.9,True
45561.08021736145,648,584,649.6401551629914,587.4454516052615,-0.25740057676093936,-0.009917032891436348,0.9,True
45594.176054000854,643,586,647.1438954042898,588.2162030894447,-0.26559100075301584,-0.007259062023321609,0.9,True
45627.569913864136,653,579,647.0916356586047,587.4032549022652,-0.2540911589639746,-0.005231298642419702,0.9,True
45661.24129295349,663,571,649.1286060532751,585.0408529538248,-0.2447315228827239,-0.000495658585089507,0.9,True
45694.14210319519,684,543,655.1431342883012,577.3637200223549,-0.26041124630102314,0.0019798053026678602,0.9,True
45727.758169174194,698,535,663.1395150858114,569.1638307435476,-0.2440778858713684,-0.00036482157181318186,0.9,True
45761.78002357483,692,544,668.801426189342,563.9484015772543,-0.23700920209313556,0.0008911212611166032,0.9,True
45795.37010192871,682,554,671.640269389642,561.510079556523,-0.2403462140549379,-0.002731627077755126,0.9,True
45828.50527763367,673,559,672.2494736913534,560.459287545851,-0.25260083617055923,-0.0023442263301304347,0.9,True
45862.006187438965,674,559,672.946844150171,559.5991967700354,-0.24797883735828136,-0.0024919204532635694,0.9,True
45895.27916908264,673,558,673.318782595223,558.7031348591157,-0.2531392436408649,-0.001241436007183593,0.9,True
45928.76696586609,667,566,672.4120829166616,559.5769101989251,-0.25250977045166595,-0.008283329905355902,0.9,True
45962.3601436615,675,560,673.214562068257,559.1615716681204,-0.246296309660824,-0.005456040577857447,0.9,True
45995.13506889343,660,574,670.8803512286232,561.6404798879016,-0.25467579409729996,-0.01504724019681798,0.9,True
46028.72133255005,672,563,671.2679112072012,561.5884000652212,-0.2456000467804478,-0.0034432076707440903,0.9,True
46061.12813949585,666,570,670.3877203739676,562.9655575395407,-0.24215732025566516,6.678670450057746e-06,0.9,True
46094.24328804016,661,575,668.625064769061,565.1610760851356,-0.2454894480310291,-0.007310971395073217,0.9,True
46127.753019332886,676,564,670.1132727548818,564.8486765738098,-0.22997116507074208,-0.0004770208270760001,0.9,True
46161.285161972046,670,570,670.1823288401399,565.7874412770983,-0.23477707033858658,-0.00567664541930339,0.9,True
46194.63920593262,673,568,670.8351426571445,566.1946204893678,-0.2275109055284279,-0.0029191979268820174,0.9,True
46228.334188461304,683,555,673.3862584753196,563.9444355859919,-0.2280123734702838,0.007234706763419545,0.9,True
46261.70611381531,677,559,674.3553343501887,562.8250285221445,-0.2407786087060871,-0.0016998991419936115,0.9,True
46294.38519477844,678,566,675.3658572587482,563.2785024907714,-0.22144114209790888,-0.006220759386168556,0.9,True
46328.70817184448,685,552,677.6093974888124,560.8775682991293,-0.228084926536315,0.010125592316180133,0.9,True
46361.9921207428,666,573,675.7027710396796,563.038453368494,-0.23309355710256882,-0.00589090570741356,0.9,True
46394.89221572876,672,568,675.2480995998444,563.8999820457391,-0.22831074644220736,0.0005694789163002671,0.9,True
46428.66325378418,652,585,670.8410544533116,568.0438718935919,-0.23613762295210688,0.005845990408143184,0.9,True
46461.55905723572,642,590,665.0642042767079,572.5850654799597,-0.2562875943194446,0.0025348388848373915,0.9,True
46494.81225013733,639,590,659.5352014117354,576.4502194759878,-0.2633499657369182,3.579661515926909e-05,0.9,True
46528.24306488037,643,597,655.6381964342677,581.1230064131304,-0.23929769440861107,-0.0076945761529698085,0.9,True
46561.63835525513,645,585,652.7520831665032,582.6729292106694,-0.263287258416858,0.0036720968930250603,0.9,True
46595.20721435547,633,605,647.939831443405,587.943895059225,-0.24752481203881663,-0.01031017134281337,0.9,True
46628.94797325134,626,604,642.4908323123476,592.1880824706133,-0.26413272022179085,0.003389083290299122,0.9,True
46661.832094192505,630,606,638.7117552433372,596.140924633449,-0.25264003802847224,-0.006187148366395047,0.9,True
46695.765018463135,645,584,638.572336851551,595.0346527019382,-0.2645950268857114,-0.00018603993571768542,0.9,True
46728.46698760986,645,590,638.5465043134346,595.202506454037,-0.253207401518397,-0.0067535910648634685,0.9,True
46761.863231658936,637,598,637.0118848920958,596.8674227029957,-0.25026732967201193,-0.004879866103194773,0.9,True
46795.11117935181,638,594,635.9840308897967,597.4144567327893,-0.25974680956057616,-0.004788900153135507,0.9,True
46827.858209609985,644,594,636.3886272760935,597.8065578668536,-0.24279882011679552,-0.007506762935134918,0.9,True
46861.86337471008,638,595,635.6137893547831,598.2694846692137,-0.2580662869406974,-0.00604897413583084,0.9,True
46894.864320755005,646,593,636.625735159671,598.1962329821789,-0.23863564782879873,-0.00575134530438808,0.9,True
46928.017139434814,639,590,636.1602820014523,597.4683485261221,-0.26333774092789014,0.0006561434996860788,0.9,True
46962.09216117859,642,597,636.4257823815246,598.1864629809284,-0.23938352972800675,-0.0072234875991999065,0.9,True
46994.94194984436,652,579,638.7125055871622,595.145135038361,-0.25243820724566096,0.0066007130167328905,0.9,True
47029.021978378296,642,589,638.7190507438435,594.4968042171289,-0.26365602865957166,-0.002214814777066431,0.9,True
47061.34033203125,646,587,639.5680328592705,593.5048488372482,-0.24965363469393717,0.009396638495304529,0.9,True
47092.793226242065,635,600,638.1329781134885,595.2245532155137,-0.24509698933504287,0.005482711721992887,0.9,True
47127.07424163818,663,575,642.5431612753498,591.6639893419191,-0.22991638323378144,0.012585340840634235,0.9,True
47160.50410270691,675,571,648.7440656545008,587.7933517184846,-0.20621985992304284,0.011878283571411545,0.9,True
47193.747997283936,669,574,652.8548682824282,585.0729302634905,-0.21671865426630102,0.012276943061409726,0.9,True
47228.04403305054,665,584,655.5587788076712,584.7489540293154,-0.1949432482747041,0.013558173734502786,0.9,True
47262.17818260193,676,561,660.0477901770967,579.8797869882511,-0.2295943593474297,0.018137740517317535,0.9,True
47294.79122161865,670,576,662.651695403609,578.732722862223,-0.2014503697364719,0.01691363972357914,0.9,True
47328.55033874512,670,572,664.8327969794375,576.9786352565709,-0.21586814190311565,0.0186966050318121,0.9,True
47361.49716377258,662,586,665.0465742803743,578.3089833686282,-0.19840864376917272,0.0172102237720416,0.9,True
47394.8769569397,668,572,666.3769751307188,576.6758087466924,-0.2258409836766461,0.014750150130298227,0.9,True
47462.50915527344,644,597,662.662936142585,580.306924932521,-0.22285263338314917,0.014020778637927367,0.9,True
47495.17321586609,659,577,662.44286580351,579.4343922154171,-0.23650701836352794,0.011781021288691504,0.9,True
47528.22017669678,654,585,661.2209046548699,580.3039074788618,-0.2245870504539738,0.01648307229867249,0.9,True
47561.98811531067,654,580,660.1470570072262,580.062134256566,-0.24123827278050677,0.01683530410351649,0.9,True
47596.012115478516,652,591,658.8060181290149,582.0678872219752,-0.22139678421730621,0.008662143850859968,0.9,True
47629.117012023926,652,580,657.642440118059,581.5915844313429,-0.24339987003654592,0.019965000725187126,0.9,True
47661.75699234009,659,570,658.0363451743867,579.1893210730857,-0.2339527048798336,0.0506171320961028,0.9,True
47694.584131240845,656,562,657.7643179504572,575.5449861055056,-0.2550528298390491,0.07351787889699943,0.9,True
47728.1973361969,634,583,653.1231719319742,576.6489183167014,-0.26114095197268733,0.07328201583502518,0.9,True
47762.33911514282,637,575,649.755279491428,576.0167451747686,-0.2702673267593388,0.07577450413609897,0.9,True
47795.09401321411,647,570,648.8908951457721,574.4974500588921,-0.25327485395073984,0.0814291146816861,0.9,True
47828.39918136597,651,569,648.9741757339705,573.0220479654057,-0.24853609497431947,0.07812340015591678,0.9,True
47861.775159835815,645,580,647.8678111947428,573.9880989844112,-0.23480242623555328,0.07823175925145916,0.9,True
47894.80805397034,644,573,646.7444820807641,573.4410984798235,-0.2615830494608692,0.07008928545747378,0.9,True
47928.078174591064,643,583,645.609225695171,574.997616763089,-0.2365213047368052,0.07063509328914264,0.9,True
47961.46512031555,655,567,647.0662309107609,573.1495298328603,-0.24621343054773337,0.07120467360895912,0.9,True
47995.04208564758,646,573,646.5376186710893,572.7890665575724,-0.25463697682451647,0.07009293672550124,0.9,True
48028.1982421875,644,582,645.7075606304041,574.3035083832411,-0.23395182450608895,0.0740704649087739,0.9,True
48061.761140823364,639,584,644.020746722784,576.0176817319996,-0.2413448732420548,0.07560949752469169,0.9,True
48095.41416168213,642,578,643.2043523070508,576.2954513212463,-0.24816475861296178,0.07976376679125559,0.9,True
48128.18002700806,651,574,644.3351787437035,575.7403943083605,-0.23620549456417733,0.07646207048439663,0.9,True
48162.00232505798,657,574,646.528704176443,575.273143440607,-0.21178373202495285,0.08328271859539535,0.9,True
48194.86594200134,677,564,652.423141800282,572.8823675005294,-0.19849433978942577,0.053976947731421906,0.9,True
48228.87134552002,680,561,658.066383342016,570.2513151817936,-0.20855113261220523,0.032918988489804756,0.9,True
48262.04705238342,679,564,662.6734247975098,568.6231224577144,-0.19583370197128994,0.04708874791783241,0.9,True
48295.01914978027,677,565,666.1767456312714,567.4589266456816,-0.20025172097024488,0.047135330092027146,0.9,True
48328.30595970154,681,562,669.9237123565304,565.8947843074462,-0.19921303762861828,0.03797696751542562,0.9,True
48360.22615432739,668,563,670.4689695719837,564.7915399794254,-0.23492464378560213,0.0419232729413907,0.9,True
48395.581007003784,669,572,671.0722557500533,565.6850573172829,-0.20714234719667238,0.03922451560563591,0.9,True
48428.76696586609,663,569,670.3272546158416,565.8840704233386,-0.23390812470493225,0.04015944986734489,0.9,True
48461.610078811646,674,562,671.833556980261,564.6848266358719,-0.22428268965956946,0.037889491182617537,0.9,True
48495.250940322876,667,568,671.6674847787265,564.8896339174203,-0.22569824125443833,0.03994109789505606,0.9,True
48528.69510650635,666,566,671.2723938871158,564.6949512904267,-0.2344849086454794,0.03795846617021295,0.9,True
48562.13712692261,656,577,668.8860225886657,566.7566058382929,-0.2305602231157303,0.044618935203368855,0.9,True
48595.61610221863,661,568,667.8051119153901,566.7425080654085,-0.24153954545414308,0.043935750466057175,0.9,True
48627.99525260925,671,557,668.849648551231,564.5479964062289,-0.24435933046388372,0.041833224962321953,0.9,True
48661.79919242859,677,555,670.913949212554,562.2917471268022,-0.2365762297590998,0.03764011923315816,0.9,True
48695.36733627319,672,559,671.6465370854451,561.1895244082368,-0.23856148018790582,0.03943146364832022,0.9,True
48728.639125823975,665,563,670.8373202226187,561.078552574608,-0.23322264923432384,0.06565276817869074,0.9,True
48761.62528991699,672,555,671.5121157960559,559.4153944067101,-0.23155792199466624,0.06851427125236487,0.9,True
48795.22514343262,671,557,671.8584573775249,558.425995946969,-0.2295517346671971,0.0678086622105233,0.9,True
48828.51314544678,671,558,672.1240845443332,557.8154638998833,-0.22849484249501947,0.06532833371827584,0.9,True
48862.00404167175,672,558,672.5215984838553,557.3294987435495,-0.22503001600693098,0.06068053727290261,0.9,True
48895.78318595886,667,565,671.8326549890216,558.3496666352352,-0.22284884996706178,0.06201289180197258,0.9,True
48928.383111953735,667,565,671.217064793301,559.2544720601139,-0.2160973729357469,0.07184475966951658,0.9,True
48962.08906173706,674,558,672.0683651061472,558.6549234392154,-0.21739361890892558,0.06909316060658707,0.9,True
48996.013164520264,665,565,670.9751604883422,559.5665522299737,-0.22556889442210445,0.06635973745611176,0.9,True
49028.68318557739,669,561,670.8209279875871,559.5683012328474,-0.22854295810115846,0.06336789949597876,0.9,True
49061.34819984436,668,554,670.4732629471484,558.1887897520417,-0.24501531178518307,0.06982743503395303,0.9,True
49094.75517272949,666,556,669.7621540755022,557.4293300373699,-0.24707219148561957,0.06878108122261585,0.9,True
49128.61227989197,673,551,670.5431049238451,555.8027045318009,-0.23902696605958712,0.06778271777656121,0.9,True
49162.14919090271,667,556,670.0006242035349,555.4373680669216,-0.2448509916025996,0.0680117099119851,0.9,True
49195.89400291443,680,541,672.1266313045729,552.152600654126,-0.24753005130458966,0.07033409172829926,0.9,True
49229.151010513306,661,555,670.1324152346757,552.1760853818344,-0.26627650004827275,0.06970132655617405,0.9,True
49262.20703125,670,549,670.2152768422956,551.03252535891,-0.2523572330006143,0.07344225921456293,0.9,True
49294.87323760986,659,558,668.0786957704943,551.8905770024517,-0.26117999941313597,0.07269454198867063,0.9,True
49327.92806625366,680,540,670.4483816361133,549.0584772905856,-0.2516860358834365,0.07352500568264206,0.9,True
49362.253189086914,668,551,670.0714852401269,548.872017823885,-0.2576295283325283,0.07106079555539589,0.9,True
49395.6880569458,680,537,672.1423483201362,545.9512233462061,-0.26103752432384286,0.0688136080870022,0.9,True
49428.59601974487,654,571,668.7038074732084,550.2952381194469,-0.24084533716326328,0.07001598498129985,0.9,True
49461.525201797485,671,551,669.1569240293568,550.0465134297802,-0.2459550046801529,0.07067730481908759,0.9,True
49495.21803855896,675,551,670.3439916205507,549.8602468323165,-0.23383810670488614,0.07371827767823413,0.9,True
49528.51104736328,656,567,667.5557258052319,552.926430263248,-0.2423692028507268,0.07164835153587107,0.9,True
49561.96713447571,672,564,668.371036808907,554.9670246044832,-0.2096601073204261,0.061014742730554045,0.9,True
49595.468044281006,747,607,684.0716717877283,565.3199397494116,0.1546986880463023,-0.0176462452550076,0.9,True
49628.62515449524,761,626,700.271224146949,577.9580060020287,0.25819799004469035,-0.061238938814778966,0.9,True
49662.40119934082,743,575,710.4405830456996,578.5090189240954,0.004265211778696228,-0.04901781961323042,0.9,True
49695.94216346741,712,567,712.8101957240907,577.3030423427608,-0.13692310838837168,-0.0634190989683175,0.9,True
49728.83105278015,758,487,723.895083257149,560.2008871797897,-0.258519490866108,-0.08496812087296851,0.9,True
49761.94405555725,834,420,748.4177255068337,532.143151220349,-0.20221425121031467,-0.055779049409806984,0.9,False
49795.525312423706,850,378,772.3769362998237,499.801720436525,-0.2569341191945741,-0.019182951679811273,0.9,False
49828.65619659424,857,375,793.9792791168846,471.70455287031217,-0.23948045162362602,-0.008333171647069535,0.9,False
49862.35427856445,884,349,817.5014296489751,442.7374247790711,-0.2415440977818648,-0.025372125231021666,0.9,False
49895.67518234253,877,359,835.8057976793277,420.3138899756906,-0.23242451176337,-0.030219911614863704,0.9,False
49928.93314361572,891,347,853.7985481345521,399.157543599977,-0.22198572199609268,-0.02660324871827715,0.9,False
49961.889028549194,898,344,870.0887678569376,380.93703258473977,-0.20946967631512223,-0.028812706610154885,0.9,False
49995.256185531616,902,343,884.2930933967534,365.66813000475344,-0.20831385378103243,-0.052631557597748,0.9,False
50028.457164764404,913,339,898.0926459166494,352.35076620736766,-0.185033885625086,-0.047429303802504735,0.9,False
50061.936140060425,895,351,905.7310526536776,343.91886495336087,-0.19754474229100916,-0.036808292942841624,0.9,False
50095.938205718994,913,341,915.298697341251,335.2677590841106,-0.17893831131781024,-0.04633255581021663,0.9,False
50128.5240650177,909,334,922.1221637934265,327.0233042675889,-0.20381586862607387,-0.035765773466894295,0.9,False
50161.778926849365,908,337,927.2059747712544,321.12076302413703,-0.1974321491788071,-0.03731678353367554,0.9,False
50194.59629058838,911,344,931.6169438899001,318.0104531890537,-0.1727180456554691,-0.037382149678365756,0.9,False
50227.965116500854,909,347,934.470826599618,316.4687326117996,-0.1763011162454735,-0.04786502461377167,0.9,False
50262.508153915405,901,351,934.814321746064,316.4424397151724,-0.19081714588583273,-0.05900381039335499,0.9,False
50328.604221343994,909,343,936.23826023994,315.28217286833495,-0.19337977597255765,-0.06188796813161719,0.9,False
50361.478328704834,906,346,936.4142342318416,315.32353041928724,-0.18984132553760033,-0.059680197781338686,0.9,False
50395.392179489136,911,341,937.1494903022717,314.7656360544585,-0.1840067631752478,-0.0507664197934777,0.9,False
50426.60307884216,912,340,937.5890352879188,314.46911208186947,-0.1836656120122858,-0.05154532717664868,0.9,False
50460.148096084595,912,338,937.5994841392642,314.1723047427066,-0.18404090558034414,-0.04248890454970959,0.9,False
50493.136167526245,918,337,938.4665167651503,314.0525614748069,-0.1634735004659933,-0.03702968178512427,0.9,False
50526.405334472656,914,337,938.0872559756573,314.26273270748976,-0.17837060153915488,-0.037833721309907926,0.9,False
50560.359954833984,919,332,938.462683931054,313.73403325753617,-0.1775161550639346,-0.033702546650591275,0.9,False
50594.65718269348,917,333,938.1035238429574,313.75461992080614,-0.18096432999309986,-0.03940263695257151,0.9,False
50628.780126571655,914,334,936.9348154545739,314.2276943191447,-0.18641874815491993,-0.031762314316870335,0.9,False
50661.54217720032,915,333,935.8940512044729,314.669784580227,-0.18346733540709048,-0.03456469930832103,0.9,False
50695.088148117065,906,344,932.9828524549991,317.4678596613564,-0.17810179180960356,-0.03353308993398453,0.9,False
50728.42025756836,903,349,929.6941220893534,321.0600815974418,-0.17796229487396953,-0.04111043737882555,0.9,False
50761.171102523804,899,352,925.9072161689788,324.90639139167763,-0.18161752059272993,-0.04234392081831192,0.9,False
50795.13621330261,901,349,922.918928550426,327.7446873418439,-0.1843219513910728,-0.03687453353642819,0.9,True
50828.84621620178,906,345,921.2360460749115,329.4987282707524,-0.1812416257988562,-0.035972425079922044,0.9,True
50861.63425445557,909,342,920.2865928135011,330.5086446369358,-0.1760259964553679,-0.03007646567772703,0.9,True
50895.4291343689,912,340,919.9765423001927,331.06979580139006,-0.17285416518269012,-0.03395142950813191,0.9,True
50928.92813682556,905,338,918.2221479922101,331.23778612226823,-0.1936216157176989,-0.02264846871961081,0.9,True
50961.700201034546,919,340,919.4423372392613,331.8623412306739,-0.15373471705121422,-0.04318022416162811,0.9,True
50995.66626548767,906,340,917.8125908070454,332.47048743432276,-0.18619639248979927,-0.026753115661173128,0.9,True
51029.309034347534,911,338,917.351292450512,332.65739789811755,-0.18779367337487057,-0.042060025309387065,0.9,True
51061.787128448486,909,340,916.4975698659451,333.27816096384515,-0.1809691089448425,-0.04069557850122656,0.9,True
51095.62802314758,905,342,914.9146242000791,334.2643959369093,-0.19903809760063929,-0.05230803339056956,0.9,True
51128.86714935303,902,341,912.9160726780518,334.9565253028685,-0.21450511739445238,-0.056368700148653354,0.9,True
51162.408113479614,906,341,911.9716838247226,335.59080845826423,-0.20063344091654822,-0.054496545513411175,0.9,True
51195.188999176025,909,341,911.736550291063,336.17035753647065,-0.19240187421320687,-0.058185494852351416,0.9,True
51229.5241355896,908,343,911.3119561269211,337.09839203188284,-0.18315263333046083,-0.05286148512153047,0.9,True
51261.62314414978,908,346,910.928121380582,338.5195077344541,-0.17978504974598392,-0.059392574676635224,0.9,True
51295.04108428955,906,340,910.1820119651029,338.55614019338515,-0.19952650229580388,-0.05259063701556277,0.9,True
51327.93402671814,904,342,909.129364273185,339.00469762461813,-0.19817444679992455,-0.04830744696103839,0.9,True
51361.54317855835,910,338,909.4188545960083,338.6034809346096,-0.18913133080928526,-0.04953672002353935,0.9,True
51394.91820335388,912,334,910.0581954596533,337.47446117014135,-0.19368656836587092,-0.04688367246545707,0.9,True
51428.26700210571,904,343,908.9955588777741,338.3249192096315,-0.19123816960491602,-0.04721913698892279,0.9,True
51461.94100379944,903,348,907.878842160567,340.0676200517619,-0.18363258767195925,-0.044880880751131585,0.9,True
51495.296001434326,850,434,896.3204175579938,358.76754579144267,-0.06438216057637848,0.0047960759227168226,0.9,True
51528.74517440796,835,412,883.4560723084953,370.3305857726348,-0.17896513638939132,0.012989773429592427,0.9,True
51562.31713294983,868,435,879.1185151447833,384.73660994728664,0.014387880423179539,0.012347873389431739,0.9,True
51595.40104866028,867,434,875.3002225452165,396.73160782104435,-0.023319098325514133,-0.028930383712124502,0.9,False
51628.289222717285,874,396,873.5349188316268,399.2245180157699,-0.13682900261827824,-0.047616900721217575,0.9,False
51662.04500198364,883,359,873.9288769430001,393.77585259800674,-0.210184959533555,-0.037635586176582074,0.9,True
51695.576190948486,894,345,876.5649917395253,386.1532422291561,-0.23036369657174338,-0.05882538566186094,0.9,True
51729.59017753601,899,340,879.9063503535519,378.50644403768683,-0.22475958221166367,-0.052697861047706136,0.9,True
51762.24327087402,903,335,883.6340192400592,370.8755862306756,-0.2282387480963283,-0.05453766608653828,0.9,True
51795.23515701294,901,341,886.4743674260642,365.4925588353243,-0.2154120987492467,-0.055883984040382216,0.9,True
51828.42016220093,899,342,888.540321075854,361.0595694679056,-0.21362406753196272,-0.049409875868296385,0.9,True
51861.88507080078,903,338,891.1325463813411,356.4590503810652,-0.21700427582671988,-0.05326501257556634,0.9,True
51895.56813240051,905,338,893.7645593406462,352.5325144398454,-0.212402295423564,-0.0527809355582948,0.9,True
51928.63917350769,903,334,895.6199755835484,348.3975188276716,-0.2286463484194069,-0.05120100616484061,0.9,True
51961.9562625885,905,340,897.6027089034227,346.09755542023026,-0.20537234270563498,-0.05541855831477261,0.9,True
51995.36204338074,903,340,898.8875261072766,344.1762839553408,-0.21291241507722636,-0.0561900118686875,0.9,True
52028.661012649536,905,343,900.370212855596,343.18358299735803,-0.19667891552620073,-0.055008915498090595,0.9,True
52062.1383190155,902,342,901.0180927495103,342.1869744576737,-0.20938238903136738,-0.05719597753893387,0.9,True
52095.415115356445,906,341,902.3494887613149,341.1871946331572,-0.19980961486697568,-0.05278890108001491,0.9,True
52128.66997718811,905,342,903.263279053941,340.584874845102,-0.20059080336920412,-0.05645408709337019,0.9,True
52161.36622428894,902,343,903.4174675673228,340.3218873500564,-0.20196665478721837,-0.0457671403471632,0.9,True
52195.53828239441,899,344,902.9219188104638,340.34720552268584,-0.20992214063536463,-0.05331173569055096,0.9,True
52228.554010391235,906,341,903.8731875541705,339.8161639871536,-0.20219633205035029,-0.0524290706002048,0.9,True
52262.12215423584,902,344,903.8625600484136,340.0071152388991,-0.20487822967976566,-0.055353978817883134,0.9,True
52295.49026489258,903,341,904.0292239098292,339.61311470377683,-0.2106867323337435,-0.05187909531843476,0.9,True
52329.24008369446,903,348,904.1488320134972,340.71640607962865,-0.18857532641505778,-0.052654221067369555,0.9,True
52362.24412918091,904,341,904.4292007362517,340.2961537659151,-0.2055560266941909,-0.049055150977922145,0.9,True
52395.32804489136,907,344,905.2477730379719,340.56933653139873,-0.19082442543294814,-0.05384925501892469,0.9,True
52428.160190582275,899,342,904.3259939055085,340.43362492336695,-0.2215596429159957,-0.056404392598801555,0.9,True
52462.01300621033,902,342,904.1175573474644,340.3459406379633,-0.2162532824066096,-0.06279438843275316,0.9,True
52495.88418006897,900,345,903.5225740030629,340.89784733446754,-0.20865929078969297,-0.05708630691271946,0.9,True
52528.99622917175,900,346,902.9996196741674,341.5940680605447,-0.2054322129298757,-0.061500738802251265,0.9,True
52562.17122077942,902,346,902.9412612820622,342.20979040059916,-0.2004952276479653,-0.06039673799646742,0.9,True
52595.34525871277,903,345,903.0820244179506,342.5529044006347,-0.20268945835835162,-0.06342466174350919,0.9,True
52629.043102264404,903,346,903.1935412677552,343.060023541988,-0.20288666168172467,-0.06452148219669208,0.9,True
52662.559032440186,901,347,902.8801741973622,343.70491854117756,-0.2061400829393329,-0.06520471354643186,0.9,True
52695.576190948486,901,345,902.6044115517495,343.8647689599801,-0.21121053260247605,-0.06593614048809346,0.9,True
52728.68204116821,901,347,902.3624092812362,344.40778570888904,-0.20617576180429903,-0.0649652325059014,0.9,True
52762.38012313843,900,348,901.9506420077423,345.076761965231,-0.20297248286227157,-0.062129383578903054,0.9,True
52795.39608955383,901,349,901.795219628844,345.8509194774349,-0.1933681701695259,-0.054306417773961516,0.9,True
52828.73225212097,899,351,901.2602787973408,346.91223322749886,-0.20071351024315262,-0.059259076574994074,0.9,True
52862.23220825195,897,351,900.402189081507,347.8157877845167,-0.20756810954594784,-0.06154437666975401,0.9,True
52895.331144332886,901,350,900.4703547877532,348.3810875930041,-0.19652746548177363,-0.06149358273265594,0.9,True
52928.826093673706,902,350,900.7319492889135,348.854912938554,-0.19340057401979907,-0.059725551751318114,0.9,True
52961.96103096008,902,350,900.9581322326561,349.2492410424798,-0.1942047123539877,-0.05946070373192007,0.9,True
52995.474338531494,902,348,901.1529701578816,349.1747136450541,-0.1987251926556122,-0.06030048969242569,0.9,True
53028.35512161255,900,347,900.9201342292902,348.8994288785128,-0.2076863166022898,-0.06054864340987184,0.9,True
53062.02220916748,899,347,900.5215970300264,348.65387534689955,-0.21221463659505427,-0.0604263622167039,0.9,True
53095.75414657593,898,347,899.9824793102151,348.43538085031696,-0.2135015598118647,-0.06012092451154694,0.9,True
53162.91928291321,900,345,899.9247520768965,347.8414468417133,-0.21227515276519113,-0.05982296837197266,0.9,True
53195.5931186676,902,348,900.2795735958831,347.9284136769409,-0.19861044963156876,-0.0625178165837328,0.9,True
53228.156328201294,898,347,899.7863698297939,347.7989416294305,-0.21234085908587752,-0.06106466494158992,0.9,True
53261.56210899353,902,348,900.1679885525252,347.88471143636303,-0.1967471102944675,-0.05986736852433995,0.9,True
53295.654296875,899,345,899.8977103500099,347.3548644627576,-0.2177713387824624,-0.06574469294973774,0.9,True
53328.680992126465,903,342,900.4695183166643,346.29958869103643,-0.21080802649214975,-0.06218052456328601,0.9,True
53360.15319824219,900,349,900.3607044457656,346.7980402244457,-0.2019124500595498,-0.06388847224995986,0.9,True
53395.987033843994,905,346,901.2688439564364,346.62616091484716,-0.19460703783667022,-0.06152120713915503,0.9,True
53428.42507362366,899,351,900.8451043122207,347.4803086549704,-0.19720825707087075,-0.06321496470050696,0.9,True
53461.5113735199,909,341,902.4815112060184,346.21055606500266,-0.1907359473503008,-0.0582550169790133,0.9,True
53495.612144470215,901,347,902.2775499049762,346.3252799121618,-0.2026808170361506,-0.06327372702823947,0.9,True
53529.31523323059,905,345,902.8973468654096,346.02605525772697,-0.19827832132874293,-0.06416366101412448,0.9,True
53562.41726875305,896,348,901.6212198088841,346.37299479740943,-0.21384323200120128,-0.06301816327472913,0.9,True
53595.17431259155,905,341,902.325368566212,345.2722398318566,-0.20425273052495765,-0.05683427586495953,0.9,True
53629.343032836914,899,347,901.7243493245248,345.5346726616562,-0.20707138162041006,-0.05948536667685682,0.9,True
53662.4071598053,900,347,901.4072092735147,345.76415662334045,-0.2017185711644847,-0.053648294890235114,0.9,True
53695.667028427124,900,346,901.1347344423931,345.76422170437667,-0.20825836794694955,-0.06257133545542568,0.9,True
53728.931188583374,900,346,900.9016247849306,345.76741747981396,-0.2093636201278037,-0.06261145089820509,0.9,True
53761.927366256714,899,348,900.5031153951616,346.17307520043295,-0.2072608629214694,-0.06046083840101077,0.9,True
53796.13709449768,900,345,900.3642663447441,345.9219603742557,-0.2092114051753245,-0.05927966481079317,0.9,True
53828.9361000061,904,345,901.0483302198136,345.70877570832386,-0.20173784103796066,-0.0634269469783309,0.9,True
53862.05005645752,900,339,900.8349369169383,344.3287776328007,-0.2188901520717409,-0.042811934100397894,0.9,True
53895.55096626282,887,336,898.0530897824121,342.55372880394486,-0.24355067935222022,0.0025698431149702985,0.9,True
53928.714990615845,889,324,896.0802375443591,338.64630669014093,-0.2632466631856399,0.020441778593211748,0.9,True
53962.51821517944,876,344,891.8075525866585,339.3250849098959,-0.2455719296590799,0.018165370818874454,0.9,True
53995.76210975647,873,335,887.578637252676,338.13043968690124,-0.2641818786404612,0.0439003776051601,0.9,True
54028.794288635254,882,324,885.8011231554543,334.93298431268016,-0.2830988202035622,0.019553995665504528,0.9,True
54062.30306625366,886,332,885.1284302356041,333.8292468891342,-0.24286669569788963,0.03515380660002819,0.9,True
54095.81708908081,879,332,883.201896829916,332.9218669917757,-0.26931151881451976,0.0271640314086284,0.9,True
54129.08220291138,880,330,881.8046448143,331.7836715139985,-0.26696921767704535,0.03393233599278249,0.9,True
54162.944078445435,869,337,878.4627812709498,332.24933284492346,-0.2760046613588904,0.04089148193765571,0.9,True
54195.7802772522,878,333,877.4631200193237,331.8852041383978,-0.25166398931318856,0.05207056636158315,0.9,True
54229.422092437744,869,333,874.8705494177651,331.6087651179986,-0.2816179177976014,0.05180172152851467,0.9,True
54262.90822029114,876,335,874.1182189442814,331.8061637001059,-0.2524138134476494,0.056202502200964684,0.9,True
54295.92299461365,872,334,872.7414449795707,331.8066670497904,-0.2695889297760346,0.05484433229082331,0.9,True
54329.742193222046,871,335,871.4301398747411,332.0363141688741,-0.26513501436429504,0.05622330131155663,0.9,True
54362.92314529419,870,336,870.1753605925476,332.4595476752228,-0.2682384175688448,0.0566595863981833,0.9,True
54395.95699310303,871,340,869.3691990255588,333.64534051129874,-0.2533066463574164,0.054380402599683623,0.9,True
54429.51202392578,868,336,868.1460137849604,333.87870357334214,-0.27207436547371866,0.05730514279504631,0.9,True
54462.54324913025,870,340,867.5655187420155,334.8936779753323,-0.2559141169696724,0.05611924132953606,0.9,True
54496.00005149841,873,337,867.733582457766,335.1737417905867,-0.25985090296627966,0.05117861084532291,0.9,True
54529.11710739136,873,337,867.9382523309296,335.42214295224903,-0.2613387902133108,0.048476093703519345,0.9,True
54561.8782043457,874,337,868.3694781983813,335.6419019755489,-0.25678900653406667,0.05156749454594713,0.9,True
54595.264196395874,872,339,868.3895325163643,336.23581716784815,-0.2576888438879154,0.04614432116464185,0.9,True
54628.82614135742,872,334,868.4537155371992,335.7478050927829,-0.26766174891870465,0.056350481873108274,0.9,True
54662.15205192566,869,343,867.9523457467044,337.134091364827,-0.25596601415840986,0.04433798978337819,0.9,True
54695.24931907654,874,337,868.5652186376858,337.12133249759785,-0.2560523650092711,0.04961560388001389,0.9,True
54728.90114784241,869,344,868.1279807019685,338.5095076371799,-0.2526124921016572,0.042624332605766355,0.9,True
54762.500286102295,875,336,868.9898172773684,338.09325431368313,-0.2575491085728747,0.04773645434144184,0.9,True
54795.89009284973,873,346,869.3594223073235,339.73234159736995,-0.23998965395218483,0.03453313929581088,0.9,True
54828.596115112305,869,332,868.9036473671898,338.32718020302116,-0.2874614112095833,0.04552934256562893,0.9,True
54862.02025413513,854,351,865.5403121168538,340.91868868483516,-0.2730892158586211,0.05328308957685139,0.9,True
54895.480155944824,864,338,864.6957730883603,340.52631295448856,-0.28129535440937375,0.0483772770640843,0.9,True
54928.871154785156,861,340,863.410864891054,340.5787281974848,-0.28366213724782635,0.046760379674256655,0.9,True
54962.175130844116,870,334,864.1507934679948,339.4129440159153,-0.27536447038567213,0.04233884502314023,0.9,True
54995.99313735962,871,333,865.0207257499743,338.20814408378084,-0.28374467514574686,0.0316045439786049,0.9,True
55029.170989990234,869,348,865.3963952322249,340.17486221695617,-0.23607225951435615,0.046743418698936764,0.9,True
55062.67499923706,872,373,866.3449788815957,346.85257189393707,-0.16024009751700038,0.04745772061323768,0.9,True
55095.370054244995,876,415,867.979246082671,360.94337201026923,-0.024905755168183646,0.01772723533189827,0.9,True
55128.78704071045,889,424,871.9936032290956,374.7367671431981,0.0636386234978579,0.03176499567105718,0.9,True
55162.6181602478,889,422,875.4318409031807,386.02832635429854,0.0517891476549213,0.025839465094223833,0.9,True
55195.48320770264,908,421,882.1633398304064,395.3411960384549,0.1132818876352496,0.012787808419648527,0.9,False
55229.422092437744,914,438,889.0930277744482,406.5336091719339,0.19611561440180308,0.015125943607754993,0.9,False
55262.5789642334,886,450,889.3688710926889,418.30709155642467,0.10807078195053188,-0.016380252032866405,0.9,False
55295.63331604004,876,428,887.5446274660457,423.7484495765983,-0.01654681986168449,-0.02709373634131472,0.9,False
55329.19716835022,889,399,888.5313041985171,422.3582233317159,-0.0721181984365457,-0.031752682635514264,0.9,False
55362.89119720459,887,387,888.9268948618475,418.53459935805375,-0.1176849661175287,-0.029789182189375683,0.9,False
55396.08907699585,901,378,892.0176754610204,413.25523885435,-0.10356124545996123,-0.038041497592487615,0.9,True
55429.60524559021,897,366,893.8100642675452,406.16168059999563,-0.15323808766924182,-0.027575791184320513,0.9,True
55462.6030921936,902,369,896.2865077891977,400.5513449218455,-0.13019905141368582,-0.03236950629577664,0.9,True
55495.72730064392,907,367,899.3438425026637,395.2423917803675,-0.11946085598848356,-0.03411886336367762,0.9,True
55529.26206588745,904,367,901.291792373401,390.6186640434468,-0.12706794121567153,-0.033884702030389714,0.9,True
55562.658071517944,903,367,902.6862617050122,386.604766333331,-0.13209079595956383,-0.033189566302685665,0.9,True
55595.866203308105,911,359,905.4060203475676,381.53225128079396,-0.1429562478386261,-0.042236433927137274,0.9,True
55629.08315658569,907,364,906.8564136569778,378.17380922168707,-0.13376383612893494,-0.04396157294656142,0.9,True
55662.972927093506,915,363,909.6186427890796,375.0980714514457,-0.12157219022637404,-0.0550044652234849,0.9,True
55695.688009262085,906,365,910.1001775242399,372.87617361590003,-0.136012070257264,-0.04074907172447103,0.9,True
55728.87134552002,909,369,911.0307362787116,371.79363969925146,-0.11485638988400147,-0.04297836231288557,0.9,True
55762.34412193298,897,372,909.3481067985729,371.49036403660926,-0.13637782563689616,-0.03333590266604869,0.9,True
55796.221017837524,898,375,908.0373617904809,371.854538652674,-0.12844699106939733,-0.033840971467563555,0.9,True
55829.68807220459,894,374,906.0549342934676,371.98781783015687,-0.14174659293171,-0.03324596450035582,0.9,True
55862.659215927124,893,378,904.1082598386107,372.9212702677411,-0.13845492713413127,-0.032118717765430106,0.9,True
55895.916223526,892,377,902.2028101435437,373.5357486142385,-0.1404408251483401,-0.033013982472280205,0.9,True
55928.7052154541,901,370,902.3424129189095,372.6735213099133,-0.13849214101582166,-0.0359401981666701,0.9,True
55962.114095687866,886,373,899.4361963002833,372.54809251565433,-0.17539738297694016,-0.03644168889841236,0.9,True
56030.62415122986,902,367,900.1320737213786,371.2537749133718,-0.14667460617800443,-0.03907573971043392,0.9,True
56062.549114227295,892,377,898.7136813419697,372.16160383270073,-0.14740124589221126,-0.04304961099632197,0.9,True
56096.10605239868,907,376,900.4894516872165,372.75237891706126,-0.10777306703716102,-0.0494780103050247,0.9,True
56129.21619415283,892,373,898.9968752742509,372.6683005989888,-0.1548543095023288,-0.04119044957472334,0.9,True
56162.63127326965,904,372,900.1095224735552,372.40546060321105,-0.12921554355229622,-0.048520978663381294,0.9,True
56196.08402252197,890,370,898.2515132666846,371.7897824652127,-0.17182248496244587,-0.040212685151501226,0.9,True
56229.56919670105,901,367,898.8550857242989,370.67337618861114,-0.1470462746578038,-0.03746280507102278,0.9,True
56262.893199920654,904,370,899.9665425473997,370.3312728181484,-0.13313050977405697,-0.04716724880696476,0.9,True
56295.9680557251,906,372,901.3094874385818,370.4531731508696,-0.12434508053451715,-0.04705171555498996,0.9,True
56329.45799827576,901,373,901.4463835190129,370.77131777503496,-0.13405271007108518,-0.0417927802573692,0.9,True
56362.60414123535,902,371,901.7499486031044,370.65554923736676,-0.13978699173312492,-0.0485582382698771,0.9,True
56396.000146865845,902,372,901.9961346890028,370.7675270840673,-0.13658559872335455,-0.04868185242790453,0.9,True
56428.5352230072,904,373,902.5931350952015,371.07354233364015,-0.12681476095417582,-0.05066403103566979,0.9,True
56462.287187576294,905,372,903.2894936188911,371.1440406355166,-0.12800389279167368,-0.05103249825588955,0.9,True
56495.583057403564,903,374,903.4693871895909,371.6118520685442,-0.12609852911105265,-0.04682632359250248,0.9,True
56528.96809577942,899,380,902.8070435502894,373.2179431873857,-0.11435573345985008,-0.03918465176191836,0.9,True
56562.61610984802,899,386,902.2264080581779,375.7932435066271,-0.09507183436969362,-0.034023638493951416,0.9,True
56596.28510475159,897,385,901.3188808903794,377.7895738485985,-0.10190291530520412,-0.03556954204051907,0.9,True
56629.7390460968,900,378,901.1352740776024,378.0827771375276,-0.11473223405268784,-0.03472455586923529,0.9,True
56661.33713722229,901,376,901.1732516396794,377.9162360735039,-0.11910255941670173,-0.03568500061009296,0.9,True
56694.52714920044,899,380,900.8013236674785,378.5574534079716,-0.11366035353871208,-0.03747597176534112,0.9,True
56727.283000946045,904,383,901.4797636408182,379.6896612301061,-0.10078690418060265,-0.049281411989883034,0.9,True
56760.59317588806,902,378,901.6561187709457,379.6395653380789,-0.11263712929189591,-0.040574967504458465,0.9,True
56793.819189071655,899,381,901.2017879581017,380.17762775328276,-0.11569281269888539,-0.0418362353421347,0.9,True
56827.47220993042,903,375,901.6089661350518,379.41904264873546,-0.13528247769451532,-0.05913348575710935,0.9,True
56861.09209060669,912,386,903.7532557948113,380.9532539964478,-0.06318702374916743,-0.05424062442691884,0.9,True
56892.96007156372,905,381,904.1786441120213,381.2479130213317,-0.10023666249454696,-0.05420863704250691,0.9,True
56929.62908744812,908,378,905.1299061776291,380.88033473428777,-0.09866505281505585,-0.05211395852488233,0.9,True
56962.85128593445,901,374,904.5291837477469,379.7478676415288,-0.13359545533265632,-0.05178299052907761,0.9,True
56995.99528312683,908,381,905.4015500205378,380.1652557321012,-0.09491060560419086,-0.0542542123875408,0.9,True
57029.63209152222,902,380,904.9340890384967,380.3102961281311,-0.10984311551942622,-0.049758594448875565,0.9,True
57062.69907951355,905,381,905.1209990656839,380.6221911632466,-0.10359378684924322,-0.05827339136138836,0.9,True
57095.94392776489,898,378,903.8689137665579,380.2767446424957,-0.1329080841663341,-0.050419284931198086,0.9,True
57129.28009033203,908,383,904.7889933437029,380.97003083066176,-0.09186591296467855,-0.06424298578677755,0.9,True
57163.196325302124,899,378,903.7678704275029,380.55172603678574,-0.12199240478090416,-0.04467995319124265,0.9,True
57196.50220870972,905,381,904.087400488843,380.7830591878611,-0.1034060578090467,-0.05281814514417925,0.9,True
57229.11810874939,894,378,902.155192531397,380.3710182528833,-0.14087354664526924,-0.050179146158903766,0.9,True
57262.330293655396,895,382,900.7006902650216,380.8097719281959,-0.131962653423908,-0.04661836420892931,0.9,True
57295.9942817688,896,374,899.6610792483878,379.57664457607007,-0.14230030091032414,-0.046619964580866986,0.9,True
57329.2932510376,893,388,898.1805760451022,381.3157874333551,-0.1159662506680665,-0.04612151262565476,0.9,True
57362.547159194946,900,376,898.3270991352056,380.3962245534051,-0.11874198093224718,-0.040262208550917666,0.9,True
57395.89309692383,897,387,897.8666229521523,381.8019579220663,-0.10986993938007054,-0.052405795596354755,0.9,True
57429.01825904846,897,380,897.4866870330143,381.5958518447011,-0.11654020676159685,-0.04105050285918488,0.9,True
57462.539196014404,886,390,894.9762491372637,383.4096889582129,-0.1279753087383155,-0.03674072147969975,0.9,True
57495.98526954651,889,388,893.4482154988331,384.5486294629128,-0.12359673571594704,-0.04250704987765049,0.9,True
57529.0801525116,885,395,891.3664790481041,386.9058001405006,-0.11533068506996051,-0.039970248123150844,0.9,True
57562.90006637573,884,389,889.4162035002129,387.69945934736415,-0.13205740742014788,-0.0379030024312744,0.9,True
57595.38507461548,889,397,888.7837670152304,389.95172725489016,-0.09659238088311121,-0.04385132582379382,0.9,True
57629.40335273743,893,385,889.0807009337079,389.44751855084576,-0.11896702401654094,-0.041443767899377586,0.9,True
57662.6832485199,892,390,889.170505389374,389.9848513402656,-0.1104248596956844,-0.045251141118864344,0.9,True
57696.264028549194,894,393,889.6800755487151,391.01491955393124,-0.09620983058773495,-0.046762365286923506,0.9,True
57729.70008850098,896,388,890.5453306688718,390.8654418641447,-0.10407070752031392,-0.0455185550354546,0.9,True
57762.914180755615,895,392,891.1102636894122,391.5076538207935,-0.09289399071755892,-0.04594675096983003,0.9,True
57795.88723182678,897,384,892.0140732566524,390.42798800183533,-0.10944195747795003,-0.04627575480603338,0.9,True
57829.543352127075,896,390,892.6035999336892,390.6785488399777,-0.094990260345047,-0.045402889270816066,0.9,True
57862.19811439514,895,388,892.9205066095361,390.46995019262516,-0.10391291862113852,-0.04626843830535079,0.9,True
57895.96915245056,893,397,892.8017585287531,392.07013860550813,-0.08511839515428657,-0.04875324894393904,0.9,True
57929.06212806702,895,387,893.1094032837434,391.4160208210744,-0.10823968779595051,-0.04500195989138566,0.9,True
57962.41617202759,891,392,892.5807270439524,391.8338463159131,-0.10645868783556046,-0.04451332362007186,0.9,True
57995.75209617615,897,384,893.3367096915334,390.5703220942386,-0.10854736261924165,-0.043604475340854494,0.9,True
58029.56318855286,899,382,894.3903396803778,389.0718984223091,-0.11234610750541858,-0.047401043200550344,0.9,True
58062.9141330719,897,384,894.8947058090483,388.1788675058014,-0.11044498773429567,-0.04544758817765692,0.9,True
58096.246004104614,897,384,895.3262693011974,387.40872453918456,-0.10768877516304501,-0.04298170763344448,0.9,True
58129.32014465332,896,386,895.4938365042341,387.1471605053686,-0.10802590360781979,-0.045353441781327594,0.9,True
58162.86897659302,898,381,896.0346391132737,385.92261380491095,-0.11497494879664066,-0.04669923046554332,0.9,True
58196.40922546387,892,392,895.2934860123283,387.07734159381266,-0.10395319700277879,-0.045920664591573894,0.9,True
58229.01725769043,895,382,895.256650384741,386.06675927034985,-0.12018376960273526,-0.04361652782780655,0.9,True
58262.526988983154,885,396,893.2237598775412,388.00406995464164,-0.10924072673052115,-0.036983753650825096,0.9,True
58295.78113555908,889,386,892.2877973400808,387.66053090267985,-0.12909793519080395,-0.04230049755479263,0.9,True
58329.04601097107,886,397,890.8951900122448,389.5635592490747,-0.10395008278751697,-0.041488663377096384,0.9,True
58360.59498786926,897,385,891.9158349498127,388.7851344695362,-0.10379413263084086,-0.04759646993037308,0.9,True
58396.138191223145,889,393,891.2001397672029,389.71192618631164,-0.11029839887371545,-0.04944413519992162,0.9,True
58428.587198257446,892,387,891.1982484242191,389.29720054391447,-0.11243185783609552,-0.04445531122819946,0.9,True
58462.51606941223,892,389,891.2074253708423,389.3347906894112,-0.11173540365798126,-0.04871499807908533,0.9,True
58495.952129364014,889,387,890.6253345898631,388.96039892994975,-0.12366797493638981,-0.03785588021124326,0.9,True
58529.70910072327,887,392,889.7379908372149,389.6347468699813,-0.11424119307690433,-0.04183062926816198,0.9,True
58562.45422363281,889,386,889.3916092906001,389.0057619304068,-0.12651269881211832,-0.037697609407332855,0.9,True
58596.153259277344,888,390,888.9092825961002,389.26249715300844,-0.1138490464055966,-0.035945523548499454,0.9,True
58629.54926490784,885,390,887.9112974725523,389.47771870238296,-0.12809420951987155,-0.04330083985481629,0.9,True
58662.41121292114,890,388,888.07409207408,389.2568596925174,-0.11478427865213177,-0.04159946005090002,0.9,True
58695.97816467285,890,392,888.2300065276478,389.86341435539146,-0.10677997537802962,-0.04386870105970195,0.9,True
58728.86514663696,891,388,888.5783380034666,389.5771458942855,-0.11516614200405964,-0.039964585467122185,0.9,True
58762.020111083984,892,389,889.0892920107422,389.5271025134769,-0.10703581384801843,-0.04126725900516422,0.9,True
58795.99118232727,892,393,889.5368646564194,390.280039775317,-0.0970445831018513,-0.04650841471352971,0.9,True
58863.200187683105,890,390,889.5277645775423,390.3186557211182,-0.11093591382863353,-0.041203268780470766,0.9,True
58895.71309089661,889,390,889.32678098674,390.3452997348109,-0.11464075850332078,-0.04060927231192566,0.9,True
58929.43620681763,884,396,888.1616370342749,391.56201094930094,-0.11184533865270581,-0.035741569673439826,0.9,True
58962.475061416626,883,396,886.9740333785126,392.5945531082356,-0.11168629461367566,-0.034977325661892225,0.9,True
58996.37031555176,885,396,886.3709633421892,393.4659927939402,-0.10785755727546713,-0.037936309959896296,0.9,True
59029.983043670654,886,395,886.0702278019013,393.99693130525134,-0.10694462972796978,-0.03955896206508442,0.9,True
59062.803983688354,887,396,886.0287029989789,394.63505636356354,-0.10404566178806872,-0.04397057124011688,0.9,True
59095.99709510803,886,395,885.8084337833213,394.96375565869914,-0.1107839136894268,-0.04151304234415539,0.9,True
59129.173040390015,891,392,886.6347726270176,394.6271983526916,-0.10333423841018483,-0.04177782944664357,0.9,True
59162.734270095825,893,392,887.7540467336145,394.3229231965164,-0.09646190827204745,-0.04362028512408902,0.9,True
59195.860147476196,894,390,888.9194120624437,393.64853076228934,-0.10056514815441513,-0.045560444040239664,0.9,True
59229.52914237976,892,391,889.5194454980078,393.26036973807715,-0.10346169807373114,-0.04433053551049405,0.9,True
59263.238191604614,888,393,889.2325463064857,393.31970265553304,-0.11029492832747802,-0.043122817982524576,0.9,True
59296.1311340332,886,394,888.5865930025149,393.56290628742397,-0.11410226250802988,-0.04250872547671774,0.9,True
59329.416036605835,884,434,887.635342452638,401.7632971091044,0.028685830997780114,-0.01639423742280816,0.9,True
59362.95413970947,895,442,889.0258707800347,410.3534324716607,0.11197719631920944,0.006279810096198404,0.9,True
59395.796060562134,888,456,888.8179484982181,420.44749499541695,0.14613054877335402,0.011995773451130223,0.9,True
59429.76522445679,885,445,888.0407046927887,426.796778414483,0.09649794385358029,0.024414838505650266,0.9,True
59461.72022819519,885,452,887.378366919208,433.5189147708761,0.11784622538187635,0.015113956631892382,0.9,True
59496.39129638672,876,437,885.0167851414207,436.1430383257122,0.02985118901166464,0.018011380241830993,0.9,True
59529.89435195923,893,438,886.4072959173052,438.4537633252383,0.053104167062276414,-0.048806241857212905,0.9,True
59562.84213066101,891,429,887.2076072591154,438.4962931471893,0.027903960706860034,-0.03030417261180407,0.9,True
59595.82018852234,899,418,889.4984215691087,436.20369976278755,0.019442770337994714,-0.03287718086200231,0.9,True
59629.25434112549,896,391,890.8577607295152,428.726909058429,-0.09142321915499521,-0.04569063537242669,0.9,True
59662.95909881592,900,393,892.8137952481136,422.64245104082977,-0.07491255705032869,-0.04848845861495094,0.9,True
59696.11597061157,903,382,895.0744389263507,415.17965194620604,-0.10039769413161924,-0.04705737184903474,0.9,True
59729.49814796448,903,392,896.9886280165891,410.7670173112243,-0.07664589373547188,-0.061418943818969285,0.9,True
59763.599157333374,906,377,899.2001309152254,403.9866827057559,-0.11560517484907591,-0.06682698582885416,0.9,True
59796.44703865051,910,373,901.8599981552646,397.40259258530443,-0.10827992211123946,-0.0649360297290938,0.9,True
59830.026149749756,908,384,903.6964253052258,394.00995258780586,-0.08818493871050168,-0.07031955801420675,0.9,True
59863.19637298584,907,379,905.0229480211252,390.1623745553029,-0.1051304036845957,-0.06673127133416956,0.9,True
59895.80011367798,909,382,906.5105268868963,387.53548046856315,-0.0869455942348072,-0.06629955133311427,0.9,True
59929.787158966064,902,385,906.3337829543545,385.9601587929239,-0.09809805576431134,-0.057597013036073216,0.9,True
59962.900161743164,908,379,907.3346040355965,383.48709933517347,-0.09764211875642005,-0.054686899613566105,0.9,True
59995.845317840576,890,370,904.5441328467821,379.6488237778375,-0.15916086466626414,-0.009776799657143818,0.9,True
